model_id,feature,mse_increase_mean,mse_increase_std
epa_outcome_hgb,play_yards,0.7903564503818146,0.013990059549699103
epa_outcome_hgb,is_turnover,0.6129925432280382,0.024665887326548334
epa_outcome_hgb,is_first_down,0.34249136559392473,0.014281620051277576
epa_outcome_hgb,down,0.2054417153496727,0.004708628750254552
epa_outcome_hgb,yardline_100,0.08397998350485077,0.002564062776948644
epa_outcome_hgb,is_successful,0.07117062334847277,0.00354408391940026
epa_outcome_hgb,is_turnover_on_downs,0.04473437153801186,0.001382149452211968
epa_outcome_hgb,ydstogo,0.02344383667113194,0.0008144239098568371
epa_outcome_hgb,ep,0.019629613408396446,0.00292538282774988
epa_outcome_hgb,is_pressure_2yards,0.01331637181525655,0.0002393425805347584
epa_outcome_hgb,action_pass,0.0007486895982375905,0.00037140684969638255
epa_outcome_hgb,receiver_separation,0.0006782612128328572,0.00047243102032671225
epa_outcome_hgb,yards_after_catch,0.0004772903378355564,0.00026234321345596976
epa_outcome_hgb,time_to_throw,0.000413262346892998,0.0016855169899550415
epa_outcome_hgb,defender_distance_at_release,0.00036360710529304935,0.00027317024889724867
epa_outcome_hgb,men_in_box,0.00019968149000246238,0.00013642964733963245
epa_outcome_hgb,is_completion,0.0001986334541506929,3.94042627770237e-05
epa_outcome_hgb,catch_quality,0.0001436910431136205,0.00020780276618753986
epa_outcome_hgb,pressure_x_dropback_depth,9.341460275281062e-05,9.929446357115966e-05
epa_outcome_hgb,elapsed_fraction,9.093048066112497e-05,6.968807225861939e-05
epa_outcome_hgb,defenders_in_radius_at_tackle,8.248844273624212e-05,6.644278759519754e-05
epa_outcome_hgb,defender_distance_at_catch,6.750747322057753e-05,5.8185840191819824e-05
epa_outcome_hgb,is_stuffed,5.4444960547299824e-05,4.8545413802839064e-05
epa_outcome_hgb,yards_after_contact,4.8988410260732605e-05,3.093453444221335e-05
epa_outcome_hgb,time_to_first_contact,2.8172839393122057e-05,6.693781097622393e-05
epa_outcome_hgb,separation_x_depth,1.0877326223318606e-05,4.826079835519956e-05
epa_outcome_hgb,log_ydstogo,0.0,0.0
epa_outcome_hgb,is_under_pressure,0.0,0.0
epa_outcome_hgb,is_pressure_3yards,0.0,0.0
epa_outcome_hgb,is_tight_coverage,0.0,0.0
epa_outcome_hgb,is_open_target,0.0,0.0
epa_outcome_hgb,yards_before_contact,0.0,0.0
epa_outcome_hgb,rush_quality,0.0,0.0
epa_outcome_hgb,is_explosive,0.0,0.0
epa_outcome_hgb,is_breakaway,0.0,0.0
epa_outcome_hgb,depth_of_target,-4.41253002973809e-05,0.00023919876941198574
epa_outcome_hgb,remaining_minutes,-4.781259589949997e-05,0.0014720099930062218
epa_outcome_hgb,pocket_x_time_to_throw,-9.536394772811929e-05,5.197581651556622e-05
epa_outcome_hgb,qb_dropback_depth,-0.00015714288830139442,0.00020044131315724353
epa_outcome_hgb,pocket_quality,-0.00023062552718412324,0.00015166520800432244
epa_prestate_hgb,ep,0.03628589335933182,0.00718265602393732
epa_prestate_hgb,action_pass,0.012592061118879875,0.005675077463167101
epa_prestate_hgb,ydstogo,0.011912171419683204,0.00412858093901468
epa_prestate_hgb,down,0.005466718034468391,0.0028946990857225373
epa_prestate_hgb,yardline_100,0.0037429941247837015,0.008249449669015814
epa_prestate_hgb,log_ydstogo,0.0,0.0
epa_prestate_hgb,elapsed_fraction,-0.0007715564895692065,0.0008501978471855999
epa_prestate_hgb,remaining_minutes,-0.0023252605778986135,0.0035054822614440924
epa_process_hgb,defender_distance_at_catch,0.9316827775258268,0.03308411214843876
epa_process_hgb,defender_distance_at_release,0.31097929643627664,0.016475624720964414
epa_process_hgb,down,0.06525900106259114,0.003696185473780895
epa_process_hgb,yards_before_contact,0.032341049574623006,0.0036303999970337627
epa_process_hgb,ydstogo,0.0274893076831955,0.0038352161423229354
epa_process_hgb,yardline_100,0.024834125644382216,0.004760570343197518
epa_process_hgb,depth_of_target,0.02205456734520426,0.0033119894204899276
epa_process_hgb,ep,0.011597553815088682,0.003125244130754066
epa_process_hgb,is_pressure_2yards,0.007974264006387436,0.0012885331124490701
epa_process_hgb,catch_quality,0.006372284197949089,0.0019159342051551305
epa_process_hgb,men_in_box,0.004339431875688175,0.0019206870628265208
epa_process_hgb,time_to_first_contact,0.0039010299524186443,0.0010711741279212095
epa_process_hgb,defenders_in_radius_at_tackle,0.0020961627781635648,0.000980982522374594
epa_process_hgb,separation_x_depth,0.0014279605932164263,0.0006618338910428567
epa_process_hgb,remaining_minutes,0.0008189118293345418,0.0013927357828731753
epa_process_hgb,qb_dropback_depth,0.0005381989680927254,0.0009857918555845882
epa_process_hgb,elapsed_fraction,0.00026038537585519145,0.0004175778386523215
epa_process_hgb,pressure_x_dropback_depth,0.00013995855450334624,0.00031076361238021547
epa_process_hgb,action_pass,3.3782205068148366e-06,0.001320540072557123
epa_process_hgb,log_ydstogo,0.0,0.0
epa_process_hgb,is_under_pressure,0.0,0.0
epa_process_hgb,is_pressure_3yards,0.0,0.0
epa_process_hgb,is_tight_coverage,0.0,0.0
epa_process_hgb,is_open_target,0.0,0.0
epa_process_hgb,rush_quality,0.0,0.0
epa_process_hgb,receiver_separation,-0.00010895626464785257,0.0004245138533330524
epa_process_hgb,pocket_quality,-0.000331645583576734,0.0004535168550765925
epa_process_hgb,pocket_x_time_to_throw,-0.00038002641714017055,0.00018176117252658537
epa_process_hgb,time_to_throw,-0.002511327293926983,0.000605489430017315
market_15m_plus_dq_hgb,market_logit,0.00019005022309417888,7.453634913173012e-05
market_15m_plus_dq_hgb,cum_net_yards_margin,0.00015656544379525085,5.71340907958308e-05
market_15m_plus_dq_hgb,cum_dq_play_margin,0.00012021898657265581,9.127070140761317e-05
market_15m_plus_dq_hgb,recent_dq_play_ewm10,6.248252623532585e-05,2.052664703667228e-05
market_15m_plus_dq_hgb,recent_dq_play_ewm20,5.777064294733552e-05,4.120609609163635e-05
market_15m_plus_dq_hgb,home_entry_imbalance,4.659056285333382e-05,5.231392490441738e-05
market_15m_plus_dq_hgb,score_margin_x_late,4.491446152926539e-05,3.105120699523135e-05
market_15m_plus_dq_hgb,prior_process_surprise_ewm5,3.889055105685283e-05,4.400522849797022e-05
market_15m_plus_dq_hgb,baseline_net_yards_007,3.712367824370774e-05,3.5231026570638446e-05
market_15m_plus_dq_hgb,yardline_100,3.5994737755974355e-05,2.7110262159462985e-05
market_15m_plus_dq_hgb,recent_dq_play_ewm5,1.7245596853147714e-05,2.2588086890184952e-05
market_15m_plus_dq_hgb,home_entry_spread,1.5413030757314088e-05,2.5230972025976176e-05
market_15m_plus_dq_hgb,p11_v2_exact,1.325044198275142e-05,1.4262058981360674e-05
market_15m_plus_dq_hgb,prior_sq_adjustment_ewm5,1.2458967830605936e-05,3.356156247332599e-05
market_15m_plus_dq_hgb,ydstogo,9.970500704491817e-06,2.9323397862089273e-05
market_15m_plus_dq_hgb,p11_cvw1_k0_c0.1_tp11_cosine,7.702805410074193e-06,5.845757206563462e-05
market_15m_plus_dq_hgb,home_possession,3.6987288011871198e-06,5.172344692506577e-06
market_15m_plus_dq_hgb,baseline_cumulative_epa,3.3625262631918327e-06,3.094584703224203e-05
market_15m_plus_dq_hgb,recent_epa_ewm5,2.483745575001216e-06,5.0216648841454294e-05
market_15m_plus_dq_hgb,market_home_fair,0.0,0.0
market_15m_plus_dq_hgb,cum_epa_margin,0.0,0.0
market_15m_plus_dq_hgb,down,-1.7085370929917586e-06,6.416474469464013e-06
market_15m_plus_dq_hgb,elapsed_fraction,-1.9810384719536347e-06,2.093310150891373e-06
market_15m_plus_dq_hgb,recent_net_yards_ewm5,-7.635176924599441e-06,1.4441407565103461e-05
market_15m_plus_dq_hgb,score_margin_home,-9.804906468648527e-06,8.544244841873789e-06
market_15m_plus_dq_hgb,away_entry_imbalance,-1.1060496084061509e-05,1.7197073317840695e-05
market_15m_plus_dq_hgb,prior_sq_process_adjustment_ewm5,-2.0694406344275277e-05,6.136432768539481e-05
market_15m_plus_dq_hgb,recent_epa_ewm10,-2.410937443997066e-05,2.2918833957481854e-05
market_15m_plus_dq_hgb,p11_cvw0.5_k3_c0.1_tp11_cosine,-2.8372818352370276e-05,2.7215880338625307e-05
market_15m_plus_dq_hgb,recent_net_yards_ewm10,-2.9678129271205715e-05,2.639953370870517e-05
market_15m_plus_dq_hgb,remaining_minutes,-3.516520571402717e-05,2.29878997737081e-05
market_15m_plus_dq_hgb,baseline_current_dq_cumulative,-3.559126245365968e-05,2.3299389172420688e-05
market_15m_state_only_hgb,market_logit,0.00026888659806602295,0.0001304690722394499
market_15m_state_only_hgb,yardline_100,0.00015465783876854756,4.1115975012323403e-05
market_15m_state_only_hgb,home_entry_spread,5.541489221507556e-05,4.6036540948265834e-05
market_15m_state_only_hgb,home_entry_imbalance,4.908616502783122e-05,7.5531358461446e-05
market_15m_state_only_hgb,score_margin_home,4.4697361545582185e-05,3.2785544145943506e-05
market_15m_state_only_hgb,home_possession,2.5801225993604827e-05,2.017244457349112e-05
market_15m_state_only_hgb,score_margin_x_late,1.4986350265438144e-05,6.096686186087244e-05
market_15m_state_only_hgb,away_entry_imbalance,1.1649003164460452e-05,3.82965208762092e-05
market_15m_state_only_hgb,elapsed_fraction,4.235510611557234e-06,3.920018450950702e-06
market_15m_state_only_hgb,down,4.020235286530255e-06,1.8190523305965944e-05
market_15m_state_only_hgb,ydstogo,3.1480807483616827e-07,4.27752344689287e-05
market_15m_state_only_hgb,market_home_fair,0.0,0.0
market_15m_state_only_hgb,remaining_minutes,-4.109951397448091e-05,3.9283076801242534e-05
