period,signal_id,family,threshold_quantile,threshold,orientation,horizon,trades,games,pnl,mean_return,median_return,win_rate,max_drawdown,profit_factor,mean_fair_markout,median_weekly_score,mean_weekly_score,mean_weekly_pnl,positive_weeks,weeks
REG_WEEKS_14_18_CONFIRMATION,dq2_outcome_hgb_l7_r5_surprise_ewm20,DQ2_EPA_HGB,0.8,0.11323731638970255,1,settle,74,74,-22.03044127055069,-0.029770866581825286,-1.0025,0.4594594594594595,95.49850093775169,0.9450612437143376,0.014298991562190128,-32.11970668220666,-26.11444446370073,-4.406088254110137,3,5
REG_WEEKS_14_18_CONFIRMATION,recent_dq_play_ewm20,RECENCY_BASELINE,0.85,0.25187453534987997,1,settle,71,71,-66.89259897035535,-0.0942149281272611,0.06132978723404253,0.5211267605633803,138.20679126535745,0.8037476926203452,-0.024062675846591452,-71.37736395056676,-32.87400346115692,-13.378519794071073,2,5
REG_WEEKS_14_18_CONFIRMATION,dq2_outcome_hgb_l15_r10_surprise_ewm5,DQ2_EPA_HGB,0.85,0.21441154713189337,1,settle,75,75,-73.57856512322326,-0.09810475349763105,-1.0025,0.44,128.19091152356387,0.8252498156436926,-0.016709479577256072,-12.438402579598005,-37.716844408062,-14.715713024644653,3,5
REG_WEEKS_14_18_CONFIRMATION,dq2_outcome_hgb_l15_r10_surprise_ewm10,DQ2_EPA_HGB,0.6,0.08087225065296744,1,settle,78,78,53.89358923504576,0.06909434517313556,-1.0025,0.48717948717948717,69.9591669568605,1.1343979781422588,0.0341372183638056,-18.880549713304283,-8.624369041219365,10.778717847009153,3,5
REG_WEEKS_14_18_CONFIRMATION,dq2_outcome_hgb_l7_r5_surprise_ewm5,DQ2_EPA_HGB,0.7,0.1476416999738668,1,settle,78,78,44.89849498333141,0.05756217305555305,-1.0025,0.44871794871794873,161.84365555827821,1.1041547178178543,0.015233396934444633,-19.91093284332312,-16.497221379178608,8.97969899666628,3,5
REG_WEEKS_14_18_CONFIRMATION,dq2_outcome_hgb_l7_r5_surprise_ewm10,DQ2_EPA_HGB,0.6,0.08751265998628195,1,settle,78,78,99.05553059652937,0.1269942699955504,0.06704930221917177,0.5256410256410257,105.80639764075713,1.2670500251978958,0.04811098527685571,-5.573934071211539,-1.092926701880701,19.811106119305872,4,5
REG_WEEKS_14_18_CONFIRMATION,dq2_outcome_ridge_a0.1_cum_margin,DQ2_EPA_RIDGE,0.7,9.874071632281677,-1,settle,53,53,-110.90761362972681,-0.20925964835797525,-1.0025,0.24528301886792453,181.28897780623137,0.7234224099009308,-0.004268934535017084,-103.01203813791841,-53.34292050656851,-22.18152272594537,2,5
REG_WEEKS_14_18_CONFIRMATION,dq2_outcome_ridge_a1_cum_margin,DQ2_EPA_RIDGE,0.7,9.861298810487684,-1,settle,53,53,-110.90761362972681,-0.20925964835797525,-1.0025,0.24528301886792453,181.28897780623137,0.7234224099009308,-0.004268934535017084,-103.01203813791841,-53.34292050656851,-22.18152272594537,2,5
REG_WEEKS_14_18_CONFIRMATION,dq2_outcome_ridge_a10_cum_margin,DQ2_EPA_RIDGE,0.7,9.917412305264,-1,settle,53,53,-106.08760234290956,-0.2001652874394521,-1.0025,0.24528301886792453,180.8807312252965,0.7354423881722952,-0.0019407823360755054,-102.39966826651607,-52.338093591111566,-21.21752046858192,2,5
REG_WEEKS_14_18_CONFIRMATION,dq2_outcome_elastic_a0.001_l0.1_cum_margin,DQ2_EPA_ELASTIC,0.7,9.899789874897332,-1,settle,53,53,-106.08760234290956,-0.2001652874394521,-1.0025,0.24528301886792453,180.8807312252965,0.7354423881722952,-0.0012382820132831633,-102.39966826651607,-52.338093591111566,-21.21752046858192,2,5
REG_WEEKS_14_18_CONFIRMATION,recent_dq_play_ewm10,RECENCY_BASELINE,0.85,0.32659860975462707,1,settle,70,70,-92.72551495587803,-0.13246502136554011,0.055730683090705446,0.5142857142857142,133.39326857906644,0.7279580021831363,-0.043253096554809585,-71.69071673610965,-40.20402317397533,-18.545102991175604,2,5
REG_WEEKS_14_18_CONFIRMATION,p11_cvw0.5_k3_c0.1_tnone,P11_V2_GRID,0.6,3.1930212085612006,1,settle,74,74,31.675960146659854,0.04280535154954039,-1.0025,0.4594594594594595,67.86584299283228,1.0789924193183538,0.03156538964079122,-1.6247065180888534,-13.849677953520375,6.335192029331975,3,5
REG_WEEKS_14_18_CONFIRMATION,p11_cvw0.5_k3_c0.1_tremaining_linear,P11_V2_GRID,0.6,0.15965106042806004,1,settle,74,74,31.675960146659854,0.04280535154954039,-1.0025,0.4594594594594595,67.86584299283228,1.0789924193183538,0.03156538964079122,-1.6247065180888534,-13.849677953520375,6.335192029331975,3,5
REG_WEEKS_14_18_CONFIRMATION,p11_cvw0.5_k3_c0.1_telapsed_sqrt,P11_V2_GRID,0.6,3.1828501141215737,1,settle,74,74,40.72573390231596,0.05503477554367027,-1.0025,0.4594594594594595,67.86584299283228,1.101560433671611,0.032497965236690234,-0.6293057537732842,-12.039723202389151,8.145146780463197,3,5
REG_WEEKS_14_18_CONFIRMATION,p11_cvw0.5_k3_c0.1_tp11_cosine,P11_V2_GRID,0.6,0.3221907791020931,1,settle,73,73,41.70096014665987,0.057124602940629994,-1.0025,0.4657534246575342,67.86584299283228,1.1066588916085685,0.03673075921233919,-1.6247065180888534,-11.844677953520378,8.340192029331973,3,5
REG_WEEKS_14_18_CONFIRMATION,dq2_winprob_market_plus_dq_c1,DQ2_WINPROB_RESIDUAL,0.7,0.1463959567844963,-1,settle,40,40,-69.16611345712626,-0.17291528364281566,-1.0025,0.425,87.20727100579111,0.700027698331882,-0.06021186538890118,-25.313009118001837,-30.352338647003467,-13.833222691425249,2,5
REG_WEEKS_14_18_CONFIRMATION,prior_sq_adjustment_ewm5,PRIOR_SQ_EPA,0.95,0.12450323027065234,-1,settle,58,58,-73.5578046307395,-0.12682380108748198,-1.0025,0.46551724137931033,107.34381883405322,0.7633084880355904,-0.018096259330645924,-39.92509434044977,-31.175876923017352,-14.7115609261479,2,5
REG_WEEKS_14_18_CONFIRMATION,dq2_process_hgb_l15_r10_surprise_ewm5,DQ2_EPA_HGB,0.8,0.5176337005850116,-1,settle,77,77,11.169939481314444,0.014506414910797957,0.16029069767441867,0.5974025974025974,101.65150060026787,1.0359422073246385,0.0096901670532803,-19.307818980023058,-16.371194582276104,2.233987896262886,2,5
REG_WEEKS_14_18_CONFIRMATION,dq2_process_hgb_l7_r5_surprise_ewm10,DQ2_EPA_HGB,0.6,0.2542854895101879,1,settle,78,78,131.41147927425268,0.16847625547981115,-0.46486559139784944,0.5,62.018181818181816,1.336112230383664,0.08947912354359713,-38.67035125307733,4.042290394561013,26.282295854850542,2,5
REG_WEEKS_14_18_CONFIRMATION,p11_cvw1_k8_c0.07_tnone,P11_V2_GRID,0.8,6.461312744980569,1,settle,31,31,-137.624665117209,-0.44395053263615786,-1.0025,0.12903225806451613,148.82466511720907,0.4915501427275923,-0.10450298602729848,-18.874999999999993,-50.582433023441794,-27.524933023441793,2,5
REG_WEEKS_14_18_CONFIRMATION,dq2_winprob_market_plus_dq_c0.01,DQ2_WINPROB_RESIDUAL,0.85,0.2627589195044886,1,15m,60,31,-75.88779591366938,-0.12647965985611562,-0.33583333333333326,0.25,141.06252142272803,0.6122310315587325,0.0017346480230788332,-27.34970827536617,-30.442834002898984,-15.17755918273387,2,5
REG_WEEKS_14_18_CONFIRMATION,recent_net_yards_ewm20,RECENCY_BASELINE,0.85,4.206843700240692,-1,30m,151,73,-74.38942104302603,-0.04926451724703712,-0.1241216216216216,0.33112582781456956,146.08892093430688,0.7860496279898932,-0.013468947901875465,-48.436199612980985,-38.05124127656436,-14.87788420860521,2,5
REG_WEEKS_14_18_CONFIRMATION,dq2_market_hgb_15m_l7_r5,DQ2_MARKET_HGB,0.8,0.03984896696976675,-1,30m,76,47,44.49509472247992,0.058546177266420946,-0.0025,0.4868421052631579,17.146739121222126,1.5565337063329165,0.023303164760886064,-1.1398155378076753,3.6371910372558545,8.899018944495984,3,5
REG_WEEKS_14_18_CONFIRMATION,dq2_market_hgb_15m_l7_r5,DQ2_MARKET_HGB,0.85,0.04619508825243781,-1,30m,51,35,42.13852167993749,0.08262455231360297,0.030833333333333438,0.5490196078431373,28.735003035382086,1.6317567285156833,0.02590262146605891,3.355486788590772,3.5569010155170835,8.427704335987501,3,5
REG_WEEKS_14_18_CONFIRMATION,dq2_process_hgb_l15_r10_cum_margin,DQ2_EPA_HGB,0.8,6.993124323442498,-1,30m,77,44,-47.506821787831534,-0.06169717115302803,-0.2752272727272727,0.2597402597402597,93.33557977286522,0.8234134351218236,-0.02331099246105098,-8.164373894663832,-28.74563580239599,-9.501364357566313,3,5
REG_WEEKS_14_18_CONFIRMATION,recent_net_yards_ewm10,RECENCY_BASELINE,0.9,6.37787415176415,-1,30m,153,74,-43.08378461626276,-0.028159336350498512,-0.10697761194029859,0.3333333333333333,121.52492967073624,0.8791619846441967,-0.012504972747154366,-50.76862062915129,-32.08593798810904,-8.616756923252554,1,5
REG_WEEKS_14_18_CONFIRMATION,dq2_outcome_hgb_l15_r10_process_ewm10,DQ2_EPA_HGB,0.95,0.7809674645812297,-1,15m,106,58,-99.23265344079877,-0.09361571079320637,-0.07942307692307699,0.3490566037735849,105.82699569274966,0.5365629731979282,-0.004645762450179279,-40.84062892400655,-35.791432717552276,-19.84653068815975,1,5
REG_WEEKS_14_18_CONFIRMATION,dq2_process_elastic_a0.01_l0.1_cum_margin,DQ2_EPA_ELASTIC,0.9,9.626074819218536,-1,15m,46,23,-93.4966224593503,-0.20325352708554406,-0.29119047619047617,0.2608695652173913,106.98777892193536,0.4043271233407641,-0.04078050903935702,-36.970238895930876,-32.691785311245624,-18.699324491870055,0,5
REG_WEEKS_14_18_CONFIRMATION,dq2_process_ridge_a100_cum_margin,DQ2_EPA_RIDGE,0.9,9.470738250107578,-1,15m,56,25,-111.60389682993886,-0.19929267291060507,-0.26730836236933797,0.23214285714285715,125.09505329252391,0.3772321861671218,-0.03731384498657086,-45.52356507027347,-38.34389753031453,-22.32077936598777,0,5
REG_WEEKS_14_18_CONFIRMATION,dq2_process_ridge_a10_cum_margin,DQ2_EPA_RIDGE,0.85,8.459334242787897,-1,15m,77,30,-116.67248058562247,-0.15152270205924995,-0.16159090909090906,0.3246753246753247,129.55340224705543,0.42105945800338146,-0.028859300009104197,-35.234612256017314,-39.22634427200537,-23.33449611712449,0,5
REG_WEEKS_14_18_CONFIRMATION,dq2_market_hgb_15m_l15_r10,DQ2_MARKET_HGB,0.95,0.08553822096966668,-1,5m,29,20,5.38641950568437,0.01857386036442887,-0.041461038961038976,0.3448275862068966,16.142588994389616,1.2118233624882262,-0.008846637364289906,0.07018067904263037,-0.9821653630775706,1.0772839011368738,3,5
REG_WEEKS_14_18_CONFIRMATION,dq2_market_elastic_30m_a0.0001_l0.1,DQ2_MARKET_ELASTIC,0.85,0.08379702828544232,-1,5m,5,4,3.1859243697478976,0.06371848739495795,0.07249999999999995,0.8,0.9773809523809524,4.259654653578848,0.040673603256339765,0.7249999999999995,0.5394467787114843,0.6371848739495796,3,5
REG_WEEKS_14_18_CONFIRMATION,dq2_market_ridge_30m_a1,DQ2_MARKET_RIDGE,0.85,0.08222684589423669,-1,5m,5,4,3.1859243697478976,0.06371848739495795,0.07249999999999995,0.8,0.9773809523809524,4.259654653578848,0.040673603256339765,0.7249999999999995,0.5394467787114843,0.6371848739495796,3,5
REG_WEEKS_14_18_CONFIRMATION,dq2_market_hgb_15m_l31_r20,DQ2_MARKET_HGB,0.95,0.09101248006577299,-1,5m,28,17,-25.87951516355255,-0.09242683986983051,-0.08893815201192246,0.2857142857142857,27.387895574100074,0.46230479488407145,-0.013603280573643985,-13.40703520873069,-8.510499728421873,-5.17590303271051,2,5
REG_WEEKS_14_18_CONFIRMATION,p11_cvw1_k0_c0.085_tp11_cosine,P11_V2_GRID,0.9,0.8687264546889363,1,5m,18,9,-12.488679919114693,-0.06938155510619275,-0.14833333333333326,0.2222222222222222,30.132722832722834,0.6791643659581162,-0.003006975905834341,-5.516666666666665,-5.7101645817950155,-2.497735983822939,1,5
REG_WEEKS_14_18_CONFIRMATION,dq2_market_ridge_30m_a10,DQ2_MARKET_RIDGE,0.85,0.07379574163428364,-1,settle,16,16,20.143622639300172,0.12589764149562602,0.2475,0.5625,37.62499999999999,1.287048416662632,0.0790527881771572,-7.549999999999999,2.9768472384827462,4.028724527860035,1,5
REG_WEEKS_14_18_CONFIRMATION,dq2_market_hgb_15m_l31_r20,DQ2_MARKET_HGB,0.7,0.04150177789496825,1,settle,69,69,2.8591357705425438,0.004143675029771771,-1.0025,0.43478260869565216,91.9541124736777,1.0073128352721854,0.0017127522370019384,9.074588107900663,-24.341522901632853,0.571827154108503,3,5
REG_WEEKS_14_18_CONFIRMATION,dq2_market_elastic_15m_a0.001_l0.5,DQ2_MARKET_ELASTIC,0.85,0.04091035419988904,-1,settle,1,1,1.3386363636363647,0.13386363636363646,0.13386363636363646,1.0,0.0,,0.12497303423966533,0.0,0.2677272727272729,0.2677272727272729,1,5
REG_WEEKS_14_18_CONFIRMATION,dq2_outcome_elastic_a0.01_l0.5_process_ewm5,DQ2_EPA_ELASTIC,0.95,1.0485626365786336,1,30m,114,65,-1.3359369409761426,-0.0011718745096281776,-0.028815789473684128,0.42105263157894735,67.55559864907015,0.9920638589382809,-0.0020779779656851043,-17.89916112614428,-10.880346713572377,-0.2671873881952237,1,5
REG_WEEKS_14_18_CONFIRMATION,prior_sq_process_adjustment_ewm5,PRIOR_SQ_EPA,0.8,0.628218750930896,-1,30m,199,69,29.302640765558255,0.014724945108320736,-0.0867105263157894,0.4371859296482412,105.01969445614176,1.066795427880941,0.011685746150651807,10.850210295424766,-18.382140261682572,5.8605281531116455,3,5
REG_WEEKS_14_18_CONFIRMATION,p11_cvw1_k0_c0.055_telapsed_sqrt,P11_V2_GRID,0.6,3.740202963619133,-1,30m,125,63,-92.38459287932693,-0.07390767430346155,-0.027191358024691355,0.368,107.23063470352962,0.4124934143166748,-0.029760051580820616,-26.600646925023547,-30.425844607340036,-18.47691857586538,1,5
REG_WEEKS_14_18_CONFIRMATION,dq2_outcome_ridge_a0.1_process_ewm5,DQ2_EPA_RIDGE,0.95,1.062507381292802,1,30m,114,65,-13.934974575267299,-0.012223661908129197,-0.03787245110278825,0.40350877192982454,71.27384867576066,0.9183983535874763,-0.005780384775157013,-19.00808969757285,-13.722497056054625,-2.786994915053455,1,5
REG_WEEKS_14_18_CONFIRMATION,dq2_winprob_market_plus_dq_c10,DQ2_WINPROB_RESIDUAL,0.7,0.18639673359476663,-1,30m,26,19,-28.998542607566954,-0.11153285618294985,-0.12200549450549464,0.46153846153846156,32.74165854959595,0.5409984804501644,-0.01503134425108579,-14.435411577022174,-10.969964270742382,-5.799708521513391,1,5
REG_WEEKS_14_18_CONFIRMATION,prior_sq_adjustment_ewm20,PRIOR_SQ_EPA,0.85,0.027810652638093077,-1,15m,409,77,-114.220610650272,-0.02792679966999315,-0.04096153846153855,0.38875305623471884,120.8522633332515,0.816418073757657,0.0031116845930226266,-44.92386430585847,-49.04243182688414,-22.844122130054398,1,5
REG_WEEKS_14_18_CONFIRMATION,baseline_cumulative_epa,BASELINE,0.8,14.412759758532049,-1,30m,42,28,30.83310761181606,0.07341216098051451,-0.2506481481481482,0.3333333333333333,52.596747949825925,1.2171379025360691,0.020592452418735037,-17.84598560354374,-5.48301748052477,6.16662152236321,2,5
REG_WEEKS_14_18_CONFIRMATION,p11_v2_exact,P11_V2_EXACT,0.6,0.3359957097075061,-1,settle,66,66,-59.8742148273735,-0.09071850731420229,0.06704930221917177,0.6363636363636364,112.48670221404754,0.7511462392877244,-0.03336807598129561,-7.702026285873837,-29.560056768143085,-11.974842965474704,3,5
REG_WEEKS_14_18_CONFIRMATION,baseline_cumulative_epa,BASELINE,0.7,10.731233805418007,1,settle,53,53,40.62962644885253,0.07665967254500472,0.13386363636363646,0.7547169811320755,53.311904731119576,1.3117561975741605,0.02108022665473382,-1.0557339176249343,-1.4881834938217893,8.125925289770503,4,5
REG_WEEKS_14_18_CONFIRMATION,p11_cvw0.75_k0_c0.1_telapsed_sqrt,P11_V2_GRID,0.9,8.15187724264477,1,15m,23,12,-10.137120517120017,-0.0440744370309566,0.012205882352941124,0.5217391304347826,38.54428362019106,0.8402182682516445,0.011528520010617911,-7.194852941176471,-8.069677798005284,-2.0274241034240044,1,5
REG_WEEKS_14_18_CONFIRMATION,dq2_market_ridge_15m_a0.1,DQ2_MARKET_RIDGE,0.85,0.05217580331133778,-1,30m,3,3,0.06486232790988644,0.0021620775969962147,0.02691176470588225,0.6666666666666666,0.7750000000000007,1.0836933263353372,0.017586965362127376,0.0,0.012972465581977288,0.012972465581977288,2,5
REG_WEEKS_14_18_CONFIRMATION,dq2_market_elastic_15m_a0.0001_l0.1,DQ2_MARKET_ELASTIC,0.85,0.051416789173050655,-1,30m,3,3,0.06486232790988644,0.0021620775969962147,0.02691176470588225,0.6666666666666666,0.7750000000000007,1.0836933263353372,0.017586965362127376,0.0,0.012972465581977288,0.012972465581977288,2,5
REG_WEEKS_14_18_CONFIRMATION,dq2_market_hgb_30m_l31_r20,DQ2_MARKET_HGB,0.95,0.11890628522788009,1,15m,54,27,-52.40253707999027,-0.09704173533331531,-0.03867810760667906,0.3888888888888889,60.78254515276444,0.5386528060124453,-0.012837457255763567,-24.518967633822072,-17.96063656494264,-10.480507415998051,0,5
REG_WEEKS_14_18_CONFIRMATION,baseline_current_dq_cumulative,BASELINE,0.8,6.1221352420007715,1,15m,46,29,-73.90678467658046,-0.16066692320995749,-0.3136111111111111,0.34782608695652173,78.44761633947094,0.5728510855412543,-0.011047852133262691,-26.537710084033613,-26.553414646702215,-14.781356935316087,1,5
REG_WEEKS_14_18_CONFIRMATION,dq2_market_ridge_15m_a1,DQ2_MARKET_RIDGE,0.9,0.06321858881101029,-1,15m,0,0,0.0,,,,0.0,,,0.0,0.0,0.0,0,5
REG_WEEKS_14_18_CONFIRMATION,dq2_market_elastic_15m_a0.0001_l0.1,DQ2_MARKET_ELASTIC,0.9,0.06339515765692658,-1,15m,0,0,0.0,,,,0.0,,,0.0,0.0,0.0,0,5
REG_WEEKS_14_18_CONFIRMATION,recent_epa_ewm20,RECENCY_BASELINE,0.95,0.6111921607939702,-1,15m,81,53,-58.16378455375054,-0.07180714142438338,-0.07942307692307699,0.37037037037037035,65.21966526723996,0.6382848334155229,0.004556610812102884,-27.667924555871174,-23.018410610838156,-11.632756910750107,1,5
REG_WEEKS_14_18_CONFIRMATION,dq2_winprob_market_only_c0.1,DQ2_WINPROB_RESIDUAL,0.95,0.1804430487856752,1,5m,13,6,-11.740235765284579,-0.09030950588680445,-0.11361111111111105,0.3076923076923077,11.025580592870787,0.39227059715489593,0.009188658868012576,-0.9773809523809524,-3.5527846995234826,-2.3480471530569162,1,5
REG_WEEKS_14_18_CONFIRMATION,dq2_process_elastic_a0.01_l0.5_cum_margin,DQ2_EPA_ELASTIC,0.9,9.339132686546135,-1,5m,87,25,-143.7686035946453,-0.16525126849959224,-0.2247222222222221,0.25287356321839083,147.3697940708358,0.3832381801143479,-0.009195389066170229,-39.29182933576961,-47.08508065102282,-28.753720718929053,1,5
REG_WEEKS_14_18_CONFIRMATION,p11_v2_exact,P11_V2_EXACT,0.9,0.7779313984309322,-1,15m,13,9,-6.5436669614767435,-0.05033589970366726,-0.013026315789473717,0.46153846153846156,6.196086316315452,0.24287879024128534,-0.022536686701701374,-1.2092564693371157,-1.7600506276915315,-1.3087333922953488,0,5
REG_WEEKS_14_18_CONFIRMATION,p11_v2_exact,P11_V2_EXACT,0.8,0.5741461803163885,-1,30m,40,29,-11.219300664634146,-0.028048251661585366,0.008608622620380814,0.525,27.6101685483189,0.7399399874963514,-0.005277345810588248,-3.1211778323539683,-5.198889558328148,-2.243860132926829,2,5
REG_WEEKS_14_18_CONFIRMATION,p11_v2_exact,P11_V2_EXACT,0.9,0.7779313984309322,-1,5m,20,10,-4.888664165641526,-0.024443320828207632,-0.013552760136785578,0.25,4.756137283921095,0.39137093692042385,-0.0005399249142260532,-1.2908445784137623,-1.477889274725474,-0.9777328331283052,0,5
REG_WEEKS_14_18_CONFIRMATION,dq2_process_ridge_a0.1_process_ewm20,DQ2_EPA_RIDGE,0.95,0.4021632459526731,-1,5m,115,43,-118.5329561154296,-0.10307213575254748,-0.07942307692307699,0.2782608695652174,119.34128944876298,0.23042322517700553,-0.0071749855154235025,-33.77516784041552,-36.40873775184623,-23.706591223085915,0,5
REG_WEEKS_14_18_CONFIRMATION,baseline_net_yards_007,BASELINE,0.9,7.385,-1,5m,32,14,8.84512700048327,0.027641021876510213,-0.01313950198075836,0.34375,9.512168308881519,1.4726740781215282,0.002391419214100148,-1.655373005713404,0.6917126977303217,1.769025400096654,2,5
REG_WEEKS_14_18_CONFIRMATION,dq2_process_hgb_l15_r10_cum_margin,DQ2_EPA_HGB,0.9,9.605100764595276,-1,5m,126,30,-87.15764095293147,-0.06917273091502495,-0.07031609195402289,0.36507936507936506,99.4319380599631,0.6366159462493491,0.009504393720367897,-34.568316224837965,-35.12931675326194,-17.431528190586285,2,5
REG_WEEKS_14_18_CONFIRMATION,recent_net_yards_ewm20,RECENCY_BASELINE,0.95,5.844938924408473,1,5m,128,52,-12.163151483446466,-0.00950246209644255,-0.013311126694717177,0.4140625,17.05742072869648,0.7904671894908633,0.008243459644973326,-9.159538532796933,-6.036731516888512,-2.4326302966892923,2,5
REG_WEEKS_14_18_CONFIRMATION,prior_process_surprise_ewm20,PRIOR_SQ_EPA,0.95,0.7658355559806708,-1,5m,191,49,-91.36959342849597,-0.04783748347041674,-0.05011904761904756,0.35602094240837695,91.2078533677521,0.5773092345760653,0.004875182518560005,-22.502013992498526,-31.11702169921686,-18.273918685699197,1,5
REG_WEEKS_14_18_CONFIRMATION,baseline_net_yards_007,BASELINE,0.9,7.385,-1,30m,12,10,-8.4235465743609,-0.07019622145300748,-0.03329230333899269,0.5,12.119172253129426,0.507577709871534,-0.03157998521212073,-0.7288912814373498,-2.8083930048559953,-1.6847093148721792,3,5
REG_WEEKS_14_18_CONFIRMATION,baseline_current_dq_cumulative,BASELINE,0.85,6.962058824045694,1,30m,14,12,-8.339369454075332,-0.05956692467196672,-0.524478021978022,0.2857142857142857,41.23590625061213,0.8707793856385764,0.005596421078175754,-2.025000000000001,-6.694405692346869,-1.6678738908150674,2,5
POSTSEASON_FINAL_AUDIT,dq2_outcome_hgb_l7_r5_surprise_ewm20,DQ2_EPA_HGB,0.8,0.11323731638970255,1,settle,12,12,-29.909018582396783,-0.2492418215199732,-1.0025,0.3333333333333333,43.786291309669515,0.6270695937357009,-0.1081116721995357,-13.111363636363631,-12.489754645599195,-7.477254645599196,1,4
POSTSEASON_FINAL_AUDIT,recent_dq_play_ewm20,RECENCY_BASELINE,0.85,0.25187453534987997,1,settle,11,11,-8.189695829173575,-0.07445178026521435,0.17397058823529415,0.5454545454545454,33.45833333333333,0.8366145470489061,0.01990025272019695,-1.747730099502487,-5.806798957293394,-2.047423957293394,2,4
POSTSEASON_FINAL_AUDIT,dq2_outcome_hgb_l15_r10_surprise_ewm5,DQ2_EPA_HGB,0.85,0.21441154713189337,1,settle,12,12,-28.792351046698865,-0.23993625872249058,-1.0025,0.3333333333333333,51.65648148148148,0.6409931290935303,-0.08591658668924529,-15.598611111111108,-12.4020229468599,-7.198087761674716,1,4
POSTSEASON_FINAL_AUDIT,dq2_outcome_hgb_l15_r10_surprise_ewm10,DQ2_EPA_HGB,0.6,0.08087225065296744,1,settle,12,12,3.27038829571422,0.027253235797618514,0.1930291454442558,0.5833333333333334,27.75911517925247,1.0652446542785878,0.08854605291127056,-6.674184782608695,-2.9417779260714454,0.8175970739285541,2,4
POSTSEASON_FINAL_AUDIT,dq2_outcome_hgb_l7_r5_surprise_ewm5,DQ2_EPA_HGB,0.7,0.1476416999738668,1,settle,12,12,-4.742679564552287,-0.039522329704602344,-0.46486559139784944,0.5,45.30297482837528,0.9211524594421897,0.029266295344394743,-6.674184782608695,-6.198169891138071,-1.1856698911380716,2,4
POSTSEASON_FINAL_AUDIT,dq2_outcome_hgb_l7_r5_surprise_ewm10,DQ2_EPA_HGB,0.6,0.08751265998628195,1,settle,12,12,-31.514850663753418,-0.2626237555312785,-1.0025,0.4166666666666667,45.302974828375284,0.550910571232584,-0.060992602514387206,-13.155937917689066,-12.891212665938353,-7.878712665938354,1,4
POSTSEASON_FINAL_AUDIT,dq2_outcome_ridge_a0.1_cum_margin,DQ2_EPA_RIDGE,0.7,9.874071632281677,-1,settle,8,8,-25.719713261648735,-0.3214964157706092,-1.0025,0.25,37.92777777777777,0.5724070945694307,-0.08380825790750497,-8.938888888888886,-12.695553315412182,-6.429928315412184,0,4
POSTSEASON_FINAL_AUDIT,dq2_outcome_ridge_a1_cum_margin,DQ2_EPA_RIDGE,0.7,9.861298810487684,-1,settle,8,8,-25.719713261648735,-0.3214964157706092,-1.0025,0.25,37.92777777777777,0.5724070945694307,-0.08380825790750497,-8.938888888888886,-12.695553315412182,-6.429928315412184,0,4
POSTSEASON_FINAL_AUDIT,dq2_outcome_ridge_a10_cum_margin,DQ2_EPA_RIDGE,0.7,9.917412305264,-1,settle,8,8,-25.719713261648735,-0.3214964157706092,-1.0025,0.25,37.92777777777777,0.5724070945694307,-0.0793994875824564,-8.938888888888886,-12.695553315412182,-6.429928315412184,0,4
POSTSEASON_FINAL_AUDIT,dq2_outcome_elastic_a0.001_l0.1_cum_margin,DQ2_EPA_ELASTIC,0.7,9.899789874897332,-1,settle,8,8,-25.719713261648735,-0.3214964157706092,-1.0025,0.25,37.92777777777777,0.5724070945694307,-0.05623992099544427,-8.938888888888886,-12.695553315412182,-6.429928315412184,0,4
POSTSEASON_FINAL_AUDIT,recent_dq_play_ewm10,RECENCY_BASELINE,0.85,0.32659860975462707,1,settle,12,12,-4.973565486310798,-0.04144637905259001,0.35107600146332546,0.5833333333333334,20.47132034632034,0.9007767484027771,0.053009181248963665,-5.599053030303028,-3.7496413715776997,-1.2433913715776994,1,4
POSTSEASON_FINAL_AUDIT,p11_cvw0.5_k3_c0.1_tnone,P11_V2_GRID,0.6,3.1930212085612006,1,settle,12,12,-52.011134538966814,-0.4334261211580568,-1.0025,0.3333333333333333,51.96113453896682,0.35148211298046356,-0.07695416448198372,-20.993067269483408,-19.268408634741704,-13.002783634741704,0,4
POSTSEASON_FINAL_AUDIT,p11_cvw0.5_k3_c0.1_tremaining_linear,P11_V2_GRID,0.6,0.15965106042806004,1,settle,12,12,-52.011134538966814,-0.4334261211580568,-1.0025,0.3333333333333333,51.96113453896682,0.35148211298046356,-0.07695416448198372,-20.993067269483408,-19.268408634741704,-13.002783634741704,0,4
POSTSEASON_FINAL_AUDIT,p11_cvw0.5_k3_c0.1_telapsed_sqrt,P11_V2_GRID,0.6,3.1828501141215737,1,settle,12,12,-51.60297127366069,-0.43002476061383915,-1.0025,0.3333333333333333,51.96113453896682,0.3565714305029838,-0.0769243260995127,-20.788985636830347,-19.166367818415175,-12.900742818415173,0,4
POSTSEASON_FINAL_AUDIT,p11_cvw0.5_k3_c0.1_tp11_cosine,P11_V2_GRID,0.6,0.3221907791020931,1,settle,12,12,-52.011134538966814,-0.4334261211580568,-1.0025,0.3333333333333333,51.96113453896682,0.35148211298046356,-0.07675002938118712,-20.993067269483408,-19.268408634741704,-13.002783634741704,0,4
POSTSEASON_FINAL_AUDIT,dq2_winprob_market_plus_dq_c1,DQ2_WINPROB_RESIDUAL,0.7,0.1463959567844963,-1,settle,4,4,19.210134310134308,0.48025335775335776,0.8518956043956043,0.75,10.024999999999999,2.916222873828859,0.22058413252593578,4.602884615384615,3.549408577533578,4.802533577533577,2,4
POSTSEASON_FINAL_AUDIT,prior_sq_adjustment_ewm5,PRIOR_SQ_EPA,0.95,0.12450323027065234,-1,settle,2,2,-5.7642857142857125,-0.28821428571428565,-0.28821428571428565,0.5,0.0,0.4250089063056645,0.09094433914336439,0.0,-1.4410714285714281,-1.4410714285714281,1,4
POSTSEASON_FINAL_AUDIT,dq2_process_hgb_l15_r10_surprise_ewm5,DQ2_EPA_HGB,0.8,0.5176337005850116,-1,settle,12,12,34.70786441289874,0.28923220344082284,0.4364233954451347,0.75,10.024999999999999,2.1540437045020364,0.17744049016316274,9.366431525398921,7.423841103224687,8.676966103224686,3,4
POSTSEASON_FINAL_AUDIT,dq2_process_hgb_l7_r5_surprise_ewm10,DQ2_EPA_HGB,0.6,0.2542854895101879,1,settle,12,12,-0.9926089363745376,-0.008271741136454513,-0.46486559139784944,0.5,28.385869565217387,0.9834977732938563,0.05518941208094269,-6.674184782608695,-6.513777234093634,-0.24815223409363485,2,4
POSTSEASON_FINAL_AUDIT,p11_cvw1_k8_c0.07_tnone,P11_V2_GRID,0.8,6.461312744980569,1,settle,2,2,32.58157894736842,1.629078947368421,1.629078947368421,0.5,10.024999999999999,4.25003281270508,0.3640568676496891,0.0,8.145394736842105,8.145394736842105,1,4
POSTSEASON_FINAL_AUDIT,dq2_winprob_market_plus_dq_c0.01,DQ2_WINPROB_RESIDUAL,0.85,0.2627589195044886,1,15m,1,1,-2.4640243902439023,-0.24640243902439024,-0.24640243902439024,0.0,0.0,0.0,-0.09007854522671327,0.0,-0.6160060975609756,-0.6160060975609756,0,4
POSTSEASON_FINAL_AUDIT,recent_net_yards_ewm20,RECENCY_BASELINE,0.85,4.206843700240692,-1,30m,27,12,-13.975064534751102,-0.051759498276855935,-0.0917857142857143,0.37037037037037035,13.057207391893959,0.6606236993909785,-0.00879692808865205,-7.143899435401663,-6.980916744682563,-3.493766133687775,2,4
POSTSEASON_FINAL_AUDIT,dq2_market_hgb_15m_l7_r5,DQ2_MARKET_HGB,0.8,0.03984896696976675,-1,30m,7,6,-1.8914085622950791,-0.02702012231850112,-0.025755813953488412,0.42857142857142855,2.3166666666666664,0.7711912606410545,0.0046650189139693975,0.05102862254025067,-0.7624354739071031,-0.4728521405737698,2,4
POSTSEASON_FINAL_AUDIT,dq2_market_hgb_15m_l7_r5,DQ2_MARKET_HGB,0.85,0.04619508825243781,-1,30m,4,4,-6.918162393162391,-0.17295405982905976,-0.17263888888888884,0.25,3.4527777777777766,0.049412800939518615,-0.06656351799747709,0.0,-2.16113782051282,-1.7295405982905978,1,4
POSTSEASON_FINAL_AUDIT,dq2_process_hgb_l15_r10_cum_margin,DQ2_EPA_HGB,0.8,6.993124323442498,-1,30m,11,5,-4.098292754158053,-0.03725720685598228,0.05305555555555558,0.5454545454545454,7.7059732664995835,0.7519530049626935,-0.0013338601572561498,0.48343127918284073,-1.5022387065010838,-1.0245731885395133,2,4
POSTSEASON_FINAL_AUDIT,recent_net_yards_ewm10,RECENCY_BASELINE,0.9,6.37787415176415,-1,30m,30,12,-24.30781070708245,-0.08102603569027479,-0.08180107526881719,0.4,23.94444894531187,0.4782894275340792,-0.014299540424569357,-2.9378334628334617,-9.9760511261414,-6.0769526767706115,1,4
POSTSEASON_FINAL_AUDIT,dq2_outcome_hgb_l15_r10_process_ewm10,DQ2_EPA_HGB,0.95,0.7809674645812297,-1,15m,16,9,6.570972291320032,0.04106857682075022,-0.14810931899641572,0.3125,12.448204736440033,1.212017377221759,0.0013100139904418592,-2.470721705850191,-0.23862117619315937,1.6427430728300088,1,4
POSTSEASON_FINAL_AUDIT,dq2_process_elastic_a0.01_l0.1_cum_margin,DQ2_EPA_ELASTIC,0.9,9.626074819218536,-1,15m,5,2,-3.0752688172042983,-0.06150537634408595,-0.2525000000000001,0.2,13.441935483870967,0.7758049659983932,-0.03273023923268211,0.0,-2.0553091397849452,-0.7688172043010746,1,4
POSTSEASON_FINAL_AUDIT,dq2_process_ridge_a100_cum_margin,DQ2_EPA_RIDGE,0.9,9.470738250107578,-1,15m,5,2,-3.18103804797353,-0.0636207609594706,-0.2525000000000001,0.2,13.547704714640199,0.7698686245822527,-0.03506580083954504,0.0,-2.081751447477253,-0.7952595119933825,1,4
POSTSEASON_FINAL_AUDIT,dq2_process_ridge_a10_cum_margin,DQ2_EPA_RIDGE,0.85,8.459334242787897,-1,15m,7,3,-3.7178185067130247,-0.05311169295304324,-0.0025,0.42857142857142855,17.722619047619045,0.7905173366220188,0.007895647664875207,0.0,-2.891657007630637,-0.9294546266782562,1,4
POSTSEASON_FINAL_AUDIT,dq2_market_hgb_15m_l15_r10,DQ2_MARKET_HGB,0.95,0.08553822096966668,-1,5m,0,0,0.0,,,,0.0,,,0.0,0.0,0.0,0,4
POSTSEASON_FINAL_AUDIT,dq2_market_elastic_30m_a0.0001_l0.1,DQ2_MARKET_ELASTIC,0.85,0.08379702828544232,-1,5m,0,0,0.0,,,,0.0,,,0.0,0.0,0.0,0,4
POSTSEASON_FINAL_AUDIT,dq2_market_ridge_30m_a1,DQ2_MARKET_RIDGE,0.85,0.08222684589423669,-1,5m,0,0,0.0,,,,0.0,,,0.0,0.0,0.0,0,4
POSTSEASON_FINAL_AUDIT,dq2_market_hgb_15m_l31_r20,DQ2_MARKET_HGB,0.95,0.09101248006577299,-1,5m,4,2,-5.174960127591705,-0.12937400318979259,-0.052499999999999936,0.25,8.019696969696968,0.35672404478566233,-0.03803874745883104,0.0,-2.168077153110047,-1.2937400318979262,1,4
POSTSEASON_FINAL_AUDIT,p11_cvw1_k0_c0.085_tp11_cosine,P11_V2_GRID,0.9,0.8687264546889363,1,5m,14,2,-7.094810744810747,-0.05067721960579103,-0.15085164835164844,0.21428571428571427,12.11346153846154,0.7213815722438861,0.008367315247374777,0.0,-4.2529151404151415,-1.7737026862026872,1,4
POSTSEASON_FINAL_AUDIT,dq2_market_ridge_30m_a10,DQ2_MARKET_RIDGE,0.85,0.07379574163428364,-1,settle,2,2,0.7833333333333368,0.039166666666666794,0.039166666666666794,0.5,0.0,1.0781379883624276,-0.0006188906149299789,0.0,0.1958333333333342,0.1958333333333342,1,4
POSTSEASON_FINAL_AUDIT,dq2_market_hgb_15m_l31_r20,DQ2_MARKET_HGB,0.7,0.04150177789496825,1,settle,12,12,18.89546520467978,0.15746221003899816,0.4717524916943522,0.5833333333333334,39.31632379248658,1.3769668868764045,0.11097871843519025,-7.928365384615383,0.9644913011699452,4.723866301169943,1,4
POSTSEASON_FINAL_AUDIT,dq2_market_elastic_15m_a0.001_l0.5,DQ2_MARKET_ELASTIC,0.85,0.04091035419988904,-1,settle,0,0,0.0,,,,0.0,,,0.0,0.0,0.0,0,4
POSTSEASON_FINAL_AUDIT,dq2_outcome_elastic_a0.01_l0.5_process_ewm5,DQ2_EPA_ELASTIC,0.95,1.0485626365786336,1,30m,20,10,-13.35828002296204,-0.06679140011481019,-0.053668714414144336,0.45,19.20160637573028,0.5517191387684057,-0.015385061797105571,-2.7493521803334624,-6.00766008283199,-3.3395700057405096,1,4
POSTSEASON_FINAL_AUDIT,prior_sq_process_adjustment_ewm5,PRIOR_SQ_EPA,0.8,0.628218750930896,-1,30m,36,12,-8.124633876688064,-0.022568427435244603,-0.0025,0.4722222222222222,29.755423675124916,0.8439664842790667,0.0016492704682024195,-1.7726796487825904,-6.406729622006016,-2.0311584691720155,2,4
POSTSEASON_FINAL_AUDIT,p11_cvw1_k0_c0.055_telapsed_sqrt,P11_V2_GRID,0.6,3.740202963619133,-1,30m,16,7,-26.941794866932,-0.16838621791832498,-0.05432876824667876,0.25,26.59421422177071,0.17220731909662984,-0.08510179208443162,-5.05179313478358,-9.788636755945372,-6.735448716733,0,4
POSTSEASON_FINAL_AUDIT,dq2_outcome_ridge_a0.1_process_ewm5,DQ2_EPA_RIDGE,0.95,1.062507381292802,1,30m,22,11,-5.012257567156976,-0.02278298894162262,-0.04970744680851058,0.45454545454545453,10.205583919925214,0.7722198945719202,0.012137312882077735,-3.0743521803334626,-2.7966516619050914,-1.253064391789244,1,4
POSTSEASON_FINAL_AUDIT,dq2_winprob_market_plus_dq_c10,DQ2_WINPROB_RESIDUAL,0.7,0.18639673359476663,-1,30m,4,3,-5.031720718306084,-0.12579301795765208,-0.11639372822299654,0.5,6.8745778611632264,0.268068407991719,-0.04000178433704267,-1.405494505494506,-1.257930179576521,-1.257930179576521,1,4
POSTSEASON_FINAL_AUDIT,prior_sq_adjustment_ewm20,PRIOR_SQ_EPA,0.85,0.027810652638093077,-1,15m,55,11,-1.3194817105617842,-0.002399057655566878,-0.05964285714285705,0.34545454545454546,38.42885379272798,0.9844035723077976,-0.014986568902751442,-6.305451644151235,-7.155444448128666,-0.32987042764044605,1,4
POSTSEASON_FINAL_AUDIT,baseline_cumulative_epa,BASELINE,0.8,14.412759758532049,-1,30m,8,5,-15.895767195767194,-0.19869708994708993,-0.09972222222222221,0.5,13.106481481481477,0.37996863004086345,-0.019906200432767068,-1.3651785714285711,-6.234126984126983,-3.9739417989417984,1,4
POSTSEASON_FINAL_AUDIT,p11_v2_exact,P11_V2_EXACT,0.6,0.3359957097075061,-1,settle,10,10,5.138327639648173,0.051383276396481735,0.16804580100721372,0.7,20.049999999999997,1.1708504618336883,0.030393758325540848,-1.014699208169199,0.03145690991204317,1.284581909912043,2,4
POSTSEASON_FINAL_AUDIT,baseline_cumulative_epa,BASELINE,0.7,10.731233805418007,1,settle,9,9,6.553994150185696,0.07282215722428548,0.2962012987012987,0.7777777777777778,10.024999999999999,1.3268825012561445,0.045919662371095064,2.7996753246753254,1.6384985375464238,1.6384985375464238,3,4
POSTSEASON_FINAL_AUDIT,p11_cvw0.75_k0_c0.1_telapsed_sqrt,P11_V2_GRID,0.9,8.15187724264477,1,15m,10,2,32.19215506715507,0.3219215506715506,-0.1636111111111111,0.4,16.17252747252747,2.1480314686342363,0.03122101332258843,0.0,4.951919261294261,8.048038766788768,1,4
POSTSEASON_FINAL_AUDIT,dq2_market_ridge_15m_a0.1,DQ2_MARKET_RIDGE,0.85,0.05217580331133778,-1,30m,0,0,0.0,,,,0.0,,,0.0,0.0,0.0,0,4
POSTSEASON_FINAL_AUDIT,dq2_market_elastic_15m_a0.0001_l0.1,DQ2_MARKET_ELASTIC,0.85,0.051416789173050655,-1,30m,0,0,0.0,,,,0.0,,,0.0,0.0,0.0,0,4
POSTSEASON_FINAL_AUDIT,dq2_market_hgb_30m_l31_r20,DQ2_MARKET_HGB,0.95,0.11890628522788009,1,15m,8,6,39.02142871105272,0.48776785888815904,0.3649614305750351,0.625,4.8949767711962835,8.971729087800407,0.1560765868662093,4.535483870967742,9.143485081363645,9.75535717776318,3,4
POSTSEASON_FINAL_AUDIT,baseline_current_dq_cumulative,BASELINE,0.8,6.1221352420007715,1,15m,7,3,-27.26398046398046,-0.38948543519972084,-0.2882142857142857,0.0,25.01675824175824,0.0,-0.02123928036719776,-5.136111111111111,-8.936839896214895,-6.815995115995115,0,4
POSTSEASON_FINAL_AUDIT,dq2_market_ridge_15m_a1,DQ2_MARKET_RIDGE,0.9,0.06321858881101029,-1,15m,0,0,0.0,,,,0.0,,,0.0,0.0,0.0,0,4
POSTSEASON_FINAL_AUDIT,dq2_market_elastic_15m_a0.0001_l0.1,DQ2_MARKET_ELASTIC,0.9,0.06339515765692658,-1,15m,0,0,0.0,,,,0.0,,,0.0,0.0,0.0,0,4
POSTSEASON_FINAL_AUDIT,recent_epa_ewm20,RECENCY_BASELINE,0.95,0.6111921607939702,-1,15m,13,7,-20.30380745651144,-0.15618313428085723,-0.26056451612903225,0.23076923076923078,15.778807456511439,0.39089734048417335,-0.02194996823472575,-3.9883695144724536,-7.771680480598887,-5.07595186412786,0,4
POSTSEASON_FINAL_AUDIT,dq2_winprob_market_only_c0.1,DQ2_WINPROB_RESIDUAL,0.95,0.1804430487856752,1,5m,1,1,-1.4884146341463418,-0.14884146341463417,-0.14884146341463417,0.0,0.0,0.0,-0.04774110365796347,0.0,-0.37210365853658545,-0.37210365853658545,0,4
POSTSEASON_FINAL_AUDIT,dq2_process_elastic_a0.01_l0.5_cum_margin,DQ2_EPA_ELASTIC,0.9,9.339132686546135,-1,5m,8,2,-9.498821496934243,-0.11873526871167804,-0.11602040816326525,0.25,11.727133309464135,0.333544325240392,-0.015366920993977639,-1.4706548601468814,-3.681222037916578,-2.374705374233561,0,4
POSTSEASON_FINAL_AUDIT,p11_v2_exact,P11_V2_EXACT,0.9,0.7779313984309322,-1,15m,9,2,-6.916633486949786,-0.07685148318833096,-0.01348901098901095,0.2222222222222222,7.58682603508682,0.09430521853295648,-0.05348270302028256,0.0,-2.6358449594566324,-1.7291583717374466,1,4
POSTSEASON_FINAL_AUDIT,p11_v2_exact,P11_V2_EXACT,0.8,0.5741461803163885,-1,30m,8,3,-11.523982541899471,-0.1440497817737434,-0.0568478260869566,0.25,12.28130648256843,0.09552609989982111,-0.10593802649372414,-1.6282450705480633,-3.983929468183981,-2.8809956354748674,0,4
POSTSEASON_FINAL_AUDIT,p11_v2_exact,P11_V2_EXACT,0.9,0.7779313984309322,-1,5m,14,2,-1.4409193239343803,-0.010292280885245577,-0.0025,0.2857142857142857,1.9512278793341,0.3581021161677081,0.0027944092902233353,-0.05292602307275329,-0.6124181996212881,-0.3602298309835952,1,4
POSTSEASON_FINAL_AUDIT,dq2_process_ridge_a0.1_process_ewm20,DQ2_EPA_RIDGE,0.95,0.4021632459526731,-1,5m,15,6,-17.987016044144273,-0.11991344029429517,-0.09073529411764708,0.26666666666666666,11.898127791014536,0.19861663531141444,-0.02147686255891567,-5.505487984667552,-6.043920194996919,-4.496754011036069,1,4
POSTSEASON_FINAL_AUDIT,baseline_net_yards_007,BASELINE,0.9,7.385,-1,5m,9,3,-1.4874344552106278,-0.016527049502340314,-0.0025,0.3333333333333333,2.710965166655613,0.46919885287755136,0.00026190166957747635,0.0,-0.48511991258630804,-0.3718586138026569,1,4
POSTSEASON_FINAL_AUDIT,dq2_process_hgb_l15_r10_cum_margin,DQ2_EPA_HGB,0.9,9.605100764595276,-1,5m,29,3,15.025081194431777,0.051810624808385414,-0.06916666666666654,0.3793103448275862,17.64702380952381,1.3312058595426648,0.027642566494862467,1.4466179781682689,1.5503923224174683,3.7562702986079444,2,4
POSTSEASON_FINAL_AUDIT,recent_net_yards_ewm20,RECENCY_BASELINE,0.95,5.844938924408473,1,5m,8,4,-0.8536153270157705,-0.010670191587697136,-0.01143075605578664,0.5,1.31532258064516,0.7167586136101064,0.0024689872904815405,-0.16409805057607152,-0.5088148935274832,-0.21340383175394265,2,4
POSTSEASON_FINAL_AUDIT,prior_process_surprise_ewm20,PRIOR_SQ_EPA,0.95,0.7658355559806708,-1,5m,24,8,-25.004151736489696,-0.10418396556870707,-0.04669642857142853,0.3333333333333333,24.921893671973567,0.14061496499765486,-0.0027983512976857195,-2.049514732579248,-9.041862680753527,-6.251037934122423,0,4
POSTSEASON_FINAL_AUDIT,baseline_net_yards_007,BASELINE,0.9,7.385,-1,30m,3,2,-2.058872534732343,-0.06862908449107809,-0.03583333333333333,0.3333333333333333,0.3583333333333334,0.1555518585890383,-0.032698210353026926,0.0,-0.5147181336830857,-0.5147181336830857,1,4
POSTSEASON_FINAL_AUDIT,baseline_current_dq_cumulative,BASELINE,0.85,6.962058824045694,1,30m,4,2,-9.80405982905983,-0.24510149572649573,-0.1606196581196581,0.5,15.309615384615386,0.3596142304847242,-0.015816467748406712,0.0,-4.364716880341881,-2.4510149572649578,1,4
