model_id,feature,standardized_coefficient,abs_coefficient
dq2_market_elastic_15m_a0.0001_l0.1,baseline_current_dq_cumulative,-0.015065940592419969,0.015065940592419969
dq2_market_elastic_15m_a0.0001_l0.1,recent_dq_play_ewm5,0.013616800724631176,0.013616800724631176
dq2_market_elastic_15m_a0.0001_l0.1,p11_cvw0.5_k3_c0.1_tp11_cosine,0.013083753120816331,0.013083753120816331
dq2_market_elastic_15m_a0.0001_l0.1,market_home_fair,-0.012515351956404136,0.012515351956404136
dq2_market_elastic_15m_a0.0001_l0.1,score_margin_home,0.009921158869162778,0.009921158869162778
dq2_market_elastic_15m_a0.0001_l0.1,recent_dq_play_ewm10,-0.008226312833832343,0.008226312833832343
dq2_market_elastic_15m_a0.0001_l0.1,cum_net_yards_margin,0.007476706122640153,0.007476706122640153
dq2_market_elastic_15m_a0.0001_l0.1,recent_dq_play_ewm20,0.006939198202311561,0.006939198202311561
dq2_market_elastic_15m_a0.0001_l0.1,cum_dq_play_margin,-0.006923648977242468,0.006923648977242468
dq2_market_elastic_15m_a0.0001_l0.1,recent_net_yards_ewm10,-0.006609360897944559,0.006609360897944559
dq2_market_elastic_15m_a0.0001_l0.1,home_possession,-0.006505687153165311,0.006505687153165311
dq2_market_elastic_15m_a0.0001_l0.1,recent_epa_ewm5,-0.005751395265874043,0.005751395265874043
dq2_market_elastic_15m_a0.0001_l0.1,missing:recent_dq_play_ewm5,0.003991002007642409,0.003991002007642409
dq2_market_elastic_15m_a0.0001_l0.1,recent_epa_ewm10,0.0037348798830237296,0.0037348798830237296
dq2_market_elastic_15m_a0.0001_l0.1,yardline_100,0.003616580991118978,0.003616580991118978
dq2_market_elastic_15m_a0.0001_l0.1,home_entry_imbalance,-0.0035958719729441407,0.0035958719729441407
dq2_market_elastic_15m_a0.0001_l0.1,baseline_cumulative_epa,-0.002893065038042015,0.002893065038042015
dq2_market_elastic_15m_a0.0001_l0.1,p11_cvw1_k0_c0.1_tp11_cosine,0.002731591817119921,0.002731591817119921
dq2_market_elastic_15m_a0.0001_l0.1,market_logit,0.002557653150823961,0.002557653150823961
dq2_market_elastic_15m_a0.0001_l0.1,cum_epa_margin,-0.0021931888102458314,0.0021931888102458314
dq2_market_elastic_15m_a0.0001_l0.1,missing:baseline_current_dq_cumulative,-0.0021559551031261927,0.0021559551031261927
dq2_market_elastic_15m_a0.0001_l0.1,prior_sq_process_adjustment_ewm5,-0.0020670544021883733,0.0020670544021883733
dq2_market_elastic_15m_a0.0001_l0.1,prior_sq_adjustment_ewm5,-0.0019540525697581083,0.0019540525697581083
dq2_market_elastic_15m_a0.0001_l0.1,home_entry_spread,-0.0018605250042876954,0.0018605250042876954
dq2_market_elastic_15m_a0.0001_l0.1,missing:prior_sq_adjustment_ewm5,0.0018323158324256197,0.0018323158324256197
dq2_market_elastic_15m_a0.0001_l0.1,ydstogo,0.0017745996189937954,0.0017745996189937954
dq2_market_elastic_15m_a0.0001_l0.1,recent_net_yards_ewm5,0.0014874518610473863,0.0014874518610473863
dq2_market_elastic_15m_a0.0001_l0.1,prior_process_surprise_ewm5,0.0009392564170325966,0.0009392564170325966
dq2_market_elastic_15m_a0.0001_l0.1,missing:recent_dq_play_ewm10,0.000914636715136222,0.000914636715136222
dq2_market_elastic_15m_a0.0001_l0.1,down,0.0008221425994957145,0.0008221425994957145
dq2_market_elastic_15m_a0.0001_l0.1,remaining_minutes,0.0006076317685639642,0.0006076317685639642
dq2_market_elastic_15m_a0.0001_l0.1,missing:cum_dq_play_margin,-0.00048640416315561783,0.00048640416315561783
dq2_market_elastic_15m_a0.0001_l0.1,missing:prior_process_surprise_ewm5,0.0004205272191149707,0.0004205272191149707
dq2_market_elastic_15m_a0.0001_l0.1,missing:recent_epa_ewm5,-0.00020664250504427823,0.00020664250504427823
dq2_market_elastic_15m_a0.0001_l0.1,elapsed_fraction,-0.00013739019101669946,0.00013739019101669946
dq2_market_elastic_15m_a0.0001_l0.1,missing:recent_dq_play_ewm20,0.00010496600317376516,0.00010496600317376516
dq2_market_elastic_15m_a0.0001_l0.1,missing:prior_sq_process_adjustment_ewm5,4.832217362332871e-05,4.832217362332871e-05
dq2_market_elastic_15m_a0.0001_l0.1,missing:recent_epa_ewm10,-4.732426731468871e-05,4.732426731468871e-05
dq2_market_elastic_15m_a0.0001_l0.1,missing:recent_net_yards_ewm5,-5.4193290613001014e-06,5.4193290613001014e-06
dq2_market_elastic_15m_a0.0001_l0.1,missing:recent_net_yards_ewm10,-4.1407002079534305e-07,4.1407002079534305e-07
dq2_market_elastic_15m_a0.0001_l0.1,away_entry_imbalance,-0.0,0.0
dq2_market_elastic_15m_a0.0001_l0.1,score_margin_x_late,0.0,0.0
dq2_market_elastic_15m_a0.0001_l0.1,p11_v2_exact,0.0,0.0
dq2_market_elastic_15m_a0.0001_l0.1,baseline_net_yards_007,-0.0,0.0
dq2_market_elastic_15m_a0.001_l0.1,baseline_current_dq_cumulative,-0.014933633591316695,0.014933633591316695
dq2_market_elastic_15m_a0.001_l0.1,market_home_fair,-0.00979243140532276,0.00979243140532276
dq2_market_elastic_15m_a0.001_l0.1,cum_net_yards_margin,0.009387661664518621,0.009387661664518621
dq2_market_elastic_15m_a0.001_l0.1,p11_cvw0.5_k3_c0.1_tp11_cosine,0.007843122186607146,0.007843122186607146
dq2_market_elastic_15m_a0.001_l0.1,recent_dq_play_ewm5,0.007525202834721877,0.007525202834721877
dq2_market_elastic_15m_a0.001_l0.1,home_possession,-0.005426325472700636,0.005426325472700636
dq2_market_elastic_15m_a0.001_l0.1,cum_dq_play_margin,-0.005187037850936484,0.005187037850936484
dq2_market_elastic_15m_a0.001_l0.1,recent_net_yards_ewm10,-0.004403388894602155,0.004403388894602155
dq2_market_elastic_15m_a0.001_l0.1,score_margin_home,0.004366438886439178,0.004366438886439178
dq2_market_elastic_15m_a0.001_l0.1,yardline_100,0.0035641671335449243,0.0035641671335449243
dq2_market_elastic_15m_a0.001_l0.1,home_entry_imbalance,-0.0033693009116413835,0.0033693009116413835
dq2_market_elastic_15m_a0.001_l0.1,p11_cvw1_k0_c0.1_tp11_cosine,0.0032280598860584906,0.0032280598860584906
dq2_market_elastic_15m_a0.001_l0.1,recent_dq_play_ewm20,0.0030580967020397134,0.0030580967020397134
dq2_market_elastic_15m_a0.001_l0.1,cum_epa_margin,-0.0025973083435225784,0.0025973083435225784
dq2_market_elastic_15m_a0.001_l0.1,missing:recent_dq_play_ewm5,0.00229569636736203,0.00229569636736203
dq2_market_elastic_15m_a0.001_l0.1,recent_epa_ewm5,-0.002131032017293129,0.002131032017293129
dq2_market_elastic_15m_a0.001_l0.1,prior_sq_adjustment_ewm5,-0.001752519171603478,0.001752519171603478
dq2_market_elastic_15m_a0.001_l0.1,home_entry_spread,-0.001701781803697825,0.001701781803697825
dq2_market_elastic_15m_a0.001_l0.1,missing:recent_dq_play_ewm10,0.0016742484461145118,0.0016742484461145118
dq2_market_elastic_15m_a0.001_l0.1,ydstogo,0.0016450669340640023,0.0016450669340640023
dq2_market_elastic_15m_a0.001_l0.1,baseline_cumulative_epa,-0.0016185474790791194,0.0016185474790791194
dq2_market_elastic_15m_a0.001_l0.1,prior_sq_process_adjustment_ewm5,-0.0015719381980564826,0.0015719381980564826
dq2_market_elastic_15m_a0.001_l0.1,missing:baseline_current_dq_cumulative,-0.0014142429868169235,0.0014142429868169235
dq2_market_elastic_15m_a0.001_l0.1,missing:prior_sq_adjustment_ewm5,0.001076650416323325,0.001076650416323325
dq2_market_elastic_15m_a0.001_l0.1,missing:cum_dq_play_margin,-0.0009127950075341819,0.0009127950075341819
dq2_market_elastic_15m_a0.001_l0.1,missing:prior_process_surprise_ewm5,0.0007852592023828263,0.0007852592023828263
dq2_market_elastic_15m_a0.001_l0.1,down,0.0007127862380137504,0.0007127862380137504
dq2_market_elastic_15m_a0.001_l0.1,missing:recent_dq_play_ewm20,0.0006381437884228336,0.0006381437884228336
dq2_market_elastic_15m_a0.001_l0.1,remaining_minutes,0.0003824055425852669,0.0003824055425852669
dq2_market_elastic_15m_a0.001_l0.1,prior_process_surprise_ewm5,0.0003240343855598531,0.0003240343855598531
dq2_market_elastic_15m_a0.001_l0.1,missing:prior_sq_process_adjustment_ewm5,0.0002993818142118358,0.0002993818142118358
dq2_market_elastic_15m_a0.001_l0.1,elapsed_fraction,-0.00024727813396016065,0.00024727813396016065
dq2_market_elastic_15m_a0.001_l0.1,missing:recent_epa_ewm5,-4.865597069095266e-05,4.865597069095266e-05
dq2_market_elastic_15m_a0.001_l0.1,missing:recent_epa_ewm10,-3.735286531542707e-05,3.735286531542707e-05
dq2_market_elastic_15m_a0.001_l0.1,missing:recent_net_yards_ewm5,-1.442794874540157e-05,1.442794874540157e-05
dq2_market_elastic_15m_a0.001_l0.1,missing:recent_net_yards_ewm10,-3.714355707288111e-06,3.714355707288111e-06
dq2_market_elastic_15m_a0.001_l0.1,market_logit,0.0,0.0
dq2_market_elastic_15m_a0.001_l0.1,away_entry_imbalance,0.0,0.0
dq2_market_elastic_15m_a0.001_l0.1,score_margin_x_late,0.0,0.0
dq2_market_elastic_15m_a0.001_l0.1,p11_v2_exact,0.0,0.0
dq2_market_elastic_15m_a0.001_l0.1,baseline_net_yards_007,-0.0,0.0
dq2_market_elastic_15m_a0.001_l0.1,recent_dq_play_ewm10,-0.0,0.0
dq2_market_elastic_15m_a0.001_l0.1,recent_epa_ewm10,0.0,0.0
dq2_market_elastic_15m_a0.001_l0.1,recent_net_yards_ewm5,-0.0,0.0
dq2_market_elastic_15m_a0.001_l0.5,baseline_current_dq_cumulative,-0.010777262169295896,0.010777262169295896
dq2_market_elastic_15m_a0.001_l0.5,market_home_fair,-0.007922925102291168,0.007922925102291168
dq2_market_elastic_15m_a0.001_l0.5,cum_net_yards_margin,0.0061406707696693335,0.0061406707696693335
dq2_market_elastic_15m_a0.001_l0.5,home_possession,-0.004265460372124864,0.004265460372124864
dq2_market_elastic_15m_a0.001_l0.5,p11_cvw0.5_k3_c0.1_tp11_cosine,0.003829397859332373,0.003829397859332373
dq2_market_elastic_15m_a0.001_l0.5,recent_dq_play_ewm5,0.0034463174109890023,0.0034463174109890023
dq2_market_elastic_15m_a0.001_l0.5,yardline_100,0.003258813895292789,0.003258813895292789
dq2_market_elastic_15m_a0.001_l0.5,home_entry_imbalance,-0.0027148437776639478,0.0027148437776639478
dq2_market_elastic_15m_a0.001_l0.5,missing:recent_dq_play_ewm5,0.0023493460006083953,0.0023493460006083953
dq2_market_elastic_15m_a0.001_l0.5,recent_epa_ewm5,-0.0022897062262404494,0.0022897062262404494
dq2_market_elastic_15m_a0.001_l0.5,recent_dq_play_ewm20,0.0016314295349543124,0.0016314295349543124
dq2_market_elastic_15m_a0.001_l0.5,cum_epa_margin,-0.0015766694715852259,0.0015766694715852259
dq2_market_elastic_15m_a0.001_l0.5,prior_sq_adjustment_ewm5,-0.0012065926260184526,0.0012065926260184526
dq2_market_elastic_15m_a0.001_l0.5,ydstogo,0.0011964796426774814,0.0011964796426774814
dq2_market_elastic_15m_a0.001_l0.5,home_entry_spread,-0.0011524522555721312,0.0011524522555721312
dq2_market_elastic_15m_a0.001_l0.5,prior_sq_process_adjustment_ewm5,-0.0011078270973273107,0.0011078270973273107
dq2_market_elastic_15m_a0.001_l0.5,missing:prior_sq_adjustment_ewm5,0.0010603889659643198,0.0010603889659643198
dq2_market_elastic_15m_a0.001_l0.5,p11_cvw1_k0_c0.1_tp11_cosine,0.0010293792117542571,0.0010293792117542571
dq2_market_elastic_15m_a0.001_l0.5,missing:recent_dq_play_ewm10,0.0009529370875050258,0.0009529370875050258
dq2_market_elastic_15m_a0.001_l0.5,baseline_cumulative_epa,-0.0008837037359481506,0.0008837037359481506
dq2_market_elastic_15m_a0.001_l0.5,missing:baseline_current_dq_cumulative,-0.0007736691851668444,0.0007736691851668444
dq2_market_elastic_15m_a0.001_l0.5,cum_dq_play_margin,-0.0006637674843468706,0.0006637674843468706
dq2_market_elastic_15m_a0.001_l0.5,missing:prior_process_surprise_ewm5,0.0004305859458927191,0.0004305859458927191
dq2_market_elastic_15m_a0.001_l0.5,missing:cum_dq_play_margin,-0.00029878173198080005,0.00029878173198080005
dq2_market_elastic_15m_a0.001_l0.5,down,0.00025108155383865094,0.00025108155383865094
dq2_market_elastic_15m_a0.001_l0.5,missing:recent_dq_play_ewm20,0.00019482020769346942,0.00019482020769346942
dq2_market_elastic_15m_a0.001_l0.5,remaining_minutes,0.000130389349213462,0.000130389349213462
dq2_market_elastic_15m_a0.001_l0.5,missing:prior_sq_process_adjustment_ewm5,8.812875350127439e-05,8.812875350127439e-05
dq2_market_elastic_15m_a0.001_l0.5,elapsed_fraction,-5.056470296876296e-05,5.056470296876296e-05
dq2_market_elastic_15m_a0.001_l0.5,market_logit,-0.0,0.0
dq2_market_elastic_15m_a0.001_l0.5,away_entry_imbalance,0.0,0.0
dq2_market_elastic_15m_a0.001_l0.5,score_margin_home,0.0,0.0
dq2_market_elastic_15m_a0.001_l0.5,score_margin_x_late,0.0,0.0
dq2_market_elastic_15m_a0.001_l0.5,p11_v2_exact,0.0,0.0
dq2_market_elastic_15m_a0.001_l0.5,baseline_net_yards_007,0.0,0.0
dq2_market_elastic_15m_a0.001_l0.5,recent_dq_play_ewm10,0.0,0.0
dq2_market_elastic_15m_a0.001_l0.5,recent_epa_ewm10,-0.0,0.0
dq2_market_elastic_15m_a0.001_l0.5,recent_net_yards_ewm5,-0.0,0.0
dq2_market_elastic_15m_a0.001_l0.5,recent_net_yards_ewm10,-0.0,0.0
dq2_market_elastic_15m_a0.001_l0.5,prior_process_surprise_ewm5,-0.0,0.0
dq2_market_elastic_15m_a0.001_l0.5,missing:recent_epa_ewm5,0.0,0.0
dq2_market_elastic_15m_a0.001_l0.5,missing:recent_epa_ewm10,0.0,0.0
dq2_market_elastic_15m_a0.001_l0.5,missing:recent_net_yards_ewm5,0.0,0.0
dq2_market_elastic_15m_a0.001_l0.5,missing:recent_net_yards_ewm10,0.0,0.0
dq2_market_elastic_30m_a0.0001_l0.1,recent_net_yards_ewm10,-0.028297622179527412,0.028297622179527412
dq2_market_elastic_30m_a0.0001_l0.1,cum_net_yards_margin,0.026721880819081733,0.026721880819081733
dq2_market_elastic_30m_a0.0001_l0.1,baseline_current_dq_cumulative,-0.02605018832163946,0.02605018832163946
dq2_market_elastic_30m_a0.0001_l0.1,p11_v2_exact,-0.02573661405872027,0.02573661405872027
dq2_market_elastic_30m_a0.0001_l0.1,recent_dq_play_ewm20,0.023527761699150256,0.023527761699150256
dq2_market_elastic_30m_a0.0001_l0.1,p11_cvw1_k0_c0.1_tp11_cosine,0.021519863637641783,0.021519863637641783
dq2_market_elastic_30m_a0.0001_l0.1,baseline_net_yards_007,0.017503473440810217,0.017503473440810217
dq2_market_elastic_30m_a0.0001_l0.1,recent_dq_play_ewm10,-0.01746857376402601,0.01746857376402601
dq2_market_elastic_30m_a0.0001_l0.1,cum_dq_play_margin,-0.015362450113235563,0.015362450113235563
dq2_market_elastic_30m_a0.0001_l0.1,recent_net_yards_ewm5,0.014695106806698015,0.014695106806698015
dq2_market_elastic_30m_a0.0001_l0.1,recent_dq_play_ewm5,0.012530382706049401,0.012530382706049401
dq2_market_elastic_30m_a0.0001_l0.1,home_entry_imbalance,-0.011943579931376746,0.011943579931376746
dq2_market_elastic_30m_a0.0001_l0.1,market_home_fair,-0.011901278714299931,0.011901278714299931
dq2_market_elastic_30m_a0.0001_l0.1,away_entry_imbalance,-0.009901295522778514,0.009901295522778514
dq2_market_elastic_30m_a0.0001_l0.1,cum_epa_margin,-0.007734309219081747,0.007734309219081747
dq2_market_elastic_30m_a0.0001_l0.1,recent_epa_ewm10,0.00585163533962682,0.00585163533962682
dq2_market_elastic_30m_a0.0001_l0.1,baseline_cumulative_epa,-0.005799169009498974,0.005799169009498974
dq2_market_elastic_30m_a0.0001_l0.1,recent_epa_ewm5,-0.005375622935000682,0.005375622935000682
dq2_market_elastic_30m_a0.0001_l0.1,prior_process_surprise_ewm5,0.004679705153703596,0.004679705153703596
dq2_market_elastic_30m_a0.0001_l0.1,missing:prior_sq_adjustment_ewm5,0.004121640877174137,0.004121640877174137
dq2_market_elastic_30m_a0.0001_l0.1,market_logit,-0.003947512204164413,0.003947512204164413
dq2_market_elastic_30m_a0.0001_l0.1,down,0.0037896807147161263,0.0037896807147161263
dq2_market_elastic_30m_a0.0001_l0.1,missing:prior_process_surprise_ewm5,0.0034060936293724376,0.0034060936293724376
dq2_market_elastic_30m_a0.0001_l0.1,ydstogo,0.0033794307130729003,0.0033794307130729003
dq2_market_elastic_30m_a0.0001_l0.1,home_possession,-0.0032991330306881084,0.0032991330306881084
dq2_market_elastic_30m_a0.0001_l0.1,prior_sq_adjustment_ewm5,-0.0031144168422544047,0.0031144168422544047
dq2_market_elastic_30m_a0.0001_l0.1,missing:recent_dq_play_ewm5,0.002356272025878801,0.002356272025878801
dq2_market_elastic_30m_a0.0001_l0.1,missing:recent_dq_play_ewm10,0.0019458722658089445,0.0019458722658089445
dq2_market_elastic_30m_a0.0001_l0.1,p11_cvw0.5_k3_c0.1_tp11_cosine,0.001939638858535697,0.001939638858535697
dq2_market_elastic_30m_a0.0001_l0.1,home_entry_spread,-0.001672666822229852,0.001672666822229852
dq2_market_elastic_30m_a0.0001_l0.1,missing:prior_sq_process_adjustment_ewm5,0.0015056029363027738,0.0015056029363027738
dq2_market_elastic_30m_a0.0001_l0.1,yardline_100,0.0014949077506418813,0.0014949077506418813
dq2_market_elastic_30m_a0.0001_l0.1,prior_sq_process_adjustment_ewm5,-0.0013991984432327046,0.0013991984432327046
dq2_market_elastic_30m_a0.0001_l0.1,missing:recent_dq_play_ewm20,0.0008598896212082464,0.0008598896212082464
dq2_market_elastic_30m_a0.0001_l0.1,remaining_minutes,0.0007961350328221102,0.0007961350328221102
dq2_market_elastic_30m_a0.0001_l0.1,elapsed_fraction,-0.0005704862861740612,0.0005704862861740612
dq2_market_elastic_30m_a0.0001_l0.1,missing:baseline_current_dq_cumulative,-0.0002513645323987794,0.0002513645323987794
dq2_market_elastic_30m_a0.0001_l0.1,missing:cum_dq_play_margin,-0.00017866140465293533,0.00017866140465293533
dq2_market_elastic_30m_a0.0001_l0.1,missing:recent_epa_ewm5,-3.8521357755054984e-05,3.8521357755054984e-05
dq2_market_elastic_30m_a0.0001_l0.1,missing:recent_epa_ewm10,-3.382095182890858e-05,3.382095182890858e-05
dq2_market_elastic_30m_a0.0001_l0.1,missing:recent_net_yards_ewm5,-1.5198596183781465e-05,1.5198596183781465e-05
dq2_market_elastic_30m_a0.0001_l0.1,missing:recent_net_yards_ewm10,-4.574315623275602e-06,4.574315623275602e-06
dq2_market_elastic_30m_a0.0001_l0.1,score_margin_home,-0.0,0.0
dq2_market_elastic_30m_a0.0001_l0.1,score_margin_x_late,-0.0,0.0
dq2_market_elastic_30m_a0.001_l0.1,cum_net_yards_margin,0.02822130941812114,0.02822130941812114
dq2_market_elastic_30m_a0.001_l0.1,baseline_current_dq_cumulative,-0.02499797302169319,0.02499797302169319
dq2_market_elastic_30m_a0.001_l0.1,recent_net_yards_ewm10,-0.022655605787375802,0.022655605787375802
dq2_market_elastic_30m_a0.001_l0.1,recent_dq_play_ewm20,0.017759739182897506,0.017759739182897506
dq2_market_elastic_30m_a0.001_l0.1,cum_dq_play_margin,-0.014242046648524685,0.014242046648524685
dq2_market_elastic_30m_a0.001_l0.1,market_home_fair,-0.011588751903013157,0.011588751903013157
dq2_market_elastic_30m_a0.001_l0.1,p11_cvw1_k0_c0.1_tp11_cosine,0.011063647503297587,0.011063647503297587
dq2_market_elastic_30m_a0.001_l0.1,home_entry_imbalance,-0.009668061584922965,0.009668061584922965
dq2_market_elastic_30m_a0.001_l0.1,recent_net_yards_ewm5,0.009631645570396564,0.009631645570396564
dq2_market_elastic_30m_a0.001_l0.1,away_entry_imbalance,-0.007690026838424235,0.007690026838424235
dq2_market_elastic_30m_a0.001_l0.1,recent_dq_play_ewm10,-0.007447361250922812,0.007447361250922812
dq2_market_elastic_30m_a0.001_l0.1,cum_epa_margin,-0.007062685500061639,0.007062685500061639
dq2_market_elastic_30m_a0.001_l0.1,recent_dq_play_ewm5,0.006255821527334848,0.006255821527334848
dq2_market_elastic_30m_a0.001_l0.1,baseline_cumulative_epa,-0.005568952302482806,0.005568952302482806
dq2_market_elastic_30m_a0.001_l0.1,prior_process_surprise_ewm5,0.004085067903246708,0.004085067903246708
dq2_market_elastic_30m_a0.001_l0.1,market_logit,-0.003873749294573419,0.003873749294573419
dq2_market_elastic_30m_a0.001_l0.1,down,0.0036623415747067197,0.0036623415747067197
dq2_market_elastic_30m_a0.001_l0.1,missing:prior_sq_adjustment_ewm5,0.003499552012360233,0.003499552012360233
dq2_market_elastic_30m_a0.001_l0.1,missing:prior_process_surprise_ewm5,0.0034591654306277246,0.0034591654306277246
dq2_market_elastic_30m_a0.001_l0.1,ydstogo,0.003230782670502974,0.003230782670502974
dq2_market_elastic_30m_a0.001_l0.1,prior_sq_adjustment_ewm5,-0.0027734884465468986,0.0027734884465468986
dq2_market_elastic_30m_a0.001_l0.1,home_possession,-0.001991523977294766,0.001991523977294766
dq2_market_elastic_30m_a0.001_l0.1,missing:prior_sq_process_adjustment_ewm5,0.001966817275934307,0.001966817275934307
dq2_market_elastic_30m_a0.001_l0.1,missing:recent_dq_play_ewm5,0.001893955241244247,0.001893955241244247
dq2_market_elastic_30m_a0.001_l0.1,missing:recent_dq_play_ewm10,0.0018737530687270043,0.0018737530687270043
dq2_market_elastic_30m_a0.001_l0.1,home_entry_spread,-0.0015099825562214417,0.0015099825562214417
dq2_market_elastic_30m_a0.001_l0.1,baseline_net_yards_007,0.0014992486617928995,0.0014992486617928995
dq2_market_elastic_30m_a0.001_l0.1,yardline_100,0.001426318322757393,0.001426318322757393
dq2_market_elastic_30m_a0.001_l0.1,p11_cvw0.5_k3_c0.1_tp11_cosine,0.0011122478036721922,0.0011122478036721922
dq2_market_elastic_30m_a0.001_l0.1,missing:recent_dq_play_ewm20,0.001067133738917459,0.001067133738917459
dq2_market_elastic_30m_a0.001_l0.1,prior_sq_process_adjustment_ewm5,-0.0007395422171384863,0.0007395422171384863
dq2_market_elastic_30m_a0.001_l0.1,remaining_minutes,0.0006708798656149228,0.0006708798656149228
dq2_market_elastic_30m_a0.001_l0.1,elapsed_fraction,-0.0005548270528596904,0.0005548270528596904
dq2_market_elastic_30m_a0.001_l0.1,recent_epa_ewm10,0.00023161703840415127,0.00023161703840415127
dq2_market_elastic_30m_a0.001_l0.1,missing:baseline_current_dq_cumulative,-5.30559743329686e-05,5.30559743329686e-05
dq2_market_elastic_30m_a0.001_l0.1,missing:cum_dq_play_margin,-4.372754961808332e-05,4.372754961808332e-05
dq2_market_elastic_30m_a0.001_l0.1,score_margin_home,-0.0,0.0
dq2_market_elastic_30m_a0.001_l0.1,score_margin_x_late,-0.0,0.0
dq2_market_elastic_30m_a0.001_l0.1,p11_v2_exact,0.0,0.0
dq2_market_elastic_30m_a0.001_l0.1,recent_epa_ewm5,-0.0,0.0
dq2_market_elastic_30m_a0.001_l0.1,missing:recent_epa_ewm5,-0.0,0.0
dq2_market_elastic_30m_a0.001_l0.1,missing:recent_epa_ewm10,-0.0,0.0
dq2_market_elastic_30m_a0.001_l0.1,missing:recent_net_yards_ewm5,-0.0,0.0
dq2_market_elastic_30m_a0.001_l0.1,missing:recent_net_yards_ewm10,-0.0,0.0
dq2_market_elastic_30m_a0.001_l0.5,cum_net_yards_margin,0.022841825192311163,0.022841825192311163
dq2_market_elastic_30m_a0.001_l0.5,baseline_current_dq_cumulative,-0.01984351608136562,0.01984351608136562
dq2_market_elastic_30m_a0.001_l0.5,market_home_fair,-0.011062905375568156,0.011062905375568156
dq2_market_elastic_30m_a0.001_l0.5,cum_dq_play_margin,-0.010209020836811621,0.010209020836811621
dq2_market_elastic_30m_a0.001_l0.5,recent_dq_play_ewm20,0.009422176978158238,0.009422176978158238
dq2_market_elastic_30m_a0.001_l0.5,recent_net_yards_ewm10,-0.00928400610239286,0.00928400610239286
dq2_market_elastic_30m_a0.001_l0.5,p11_cvw1_k0_c0.1_tp11_cosine,0.008281938202818414,0.008281938202818414
dq2_market_elastic_30m_a0.001_l0.5,cum_epa_margin,-0.007765977637422912,0.007765977637422912
dq2_market_elastic_30m_a0.001_l0.5,missing:prior_sq_adjustment_ewm5,0.005186597302184214,0.005186597302184214
dq2_market_elastic_30m_a0.001_l0.5,baseline_cumulative_epa,-0.0033579313044254052,0.0033579313044254052
dq2_market_elastic_30m_a0.001_l0.5,down,0.0031165255991112023,0.0031165255991112023
dq2_market_elastic_30m_a0.001_l0.5,prior_process_surprise_ewm5,0.00297428670744294,0.00297428670744294
dq2_market_elastic_30m_a0.001_l0.5,market_logit,-0.0029658986466035084,0.0029658986466035084
dq2_market_elastic_30m_a0.001_l0.5,missing:recent_dq_play_ewm5,0.0027781610997273474,0.0027781610997273474
dq2_market_elastic_30m_a0.001_l0.5,ydstogo,0.002701834032010384,0.002701834032010384
dq2_market_elastic_30m_a0.001_l0.5,missing:prior_process_surprise_ewm5,0.0025204813746413477,0.0025204813746413477
dq2_market_elastic_30m_a0.001_l0.5,prior_sq_adjustment_ewm5,-0.0018863859038603051,0.0018863859038603051
dq2_market_elastic_30m_a0.001_l0.5,home_entry_imbalance,-0.001694269144034623,0.001694269144034623
dq2_market_elastic_30m_a0.001_l0.5,missing:recent_dq_play_ewm10,0.0013532297684075267,0.0013532297684075267
dq2_market_elastic_30m_a0.001_l0.5,yardline_100,0.0011733463946804463,0.0011733463946804463
dq2_market_elastic_30m_a0.001_l0.5,recent_dq_play_ewm5,0.0009881690965544677,0.0009881690965544677
dq2_market_elastic_30m_a0.001_l0.5,home_entry_spread,-0.0009273243775162644,0.0009273243775162644
dq2_market_elastic_30m_a0.001_l0.5,baseline_net_yards_007,0.0006204022868099461,0.0006204022868099461
dq2_market_elastic_30m_a0.001_l0.5,missing:prior_sq_process_adjustment_ewm5,0.0006203344717109657,0.0006203344717109657
dq2_market_elastic_30m_a0.001_l0.5,p11_cvw0.5_k3_c0.1_tp11_cosine,0.0006131215462213558,0.0006131215462213558
dq2_market_elastic_30m_a0.001_l0.5,remaining_minutes,0.00041796766351968596,0.00041796766351968596
dq2_market_elastic_30m_a0.001_l0.5,missing:recent_dq_play_ewm20,0.00033385562316486133,0.00033385562316486133
dq2_market_elastic_30m_a0.001_l0.5,elapsed_fraction,-0.00019030915544441325,0.00019030915544441325
dq2_market_elastic_30m_a0.001_l0.5,home_possession,-0.00016847665755749964,0.00016847665755749964
dq2_market_elastic_30m_a0.001_l0.5,away_entry_imbalance,-0.0,0.0
dq2_market_elastic_30m_a0.001_l0.5,score_margin_home,-0.0,0.0
dq2_market_elastic_30m_a0.001_l0.5,score_margin_x_late,-0.0,0.0
dq2_market_elastic_30m_a0.001_l0.5,p11_v2_exact,0.0,0.0
dq2_market_elastic_30m_a0.001_l0.5,recent_dq_play_ewm10,-0.0,0.0
dq2_market_elastic_30m_a0.001_l0.5,recent_epa_ewm5,0.0,0.0
dq2_market_elastic_30m_a0.001_l0.5,recent_epa_ewm10,0.0,0.0
dq2_market_elastic_30m_a0.001_l0.5,recent_net_yards_ewm5,0.0,0.0
dq2_market_elastic_30m_a0.001_l0.5,prior_sq_process_adjustment_ewm5,0.0,0.0
dq2_market_elastic_30m_a0.001_l0.5,missing:baseline_current_dq_cumulative,0.0,0.0
dq2_market_elastic_30m_a0.001_l0.5,missing:cum_dq_play_margin,0.0,0.0
dq2_market_elastic_30m_a0.001_l0.5,missing:recent_epa_ewm5,0.0,0.0
dq2_market_elastic_30m_a0.001_l0.5,missing:recent_epa_ewm10,0.0,0.0
dq2_market_elastic_30m_a0.001_l0.5,missing:recent_net_yards_ewm5,0.0,0.0
dq2_market_elastic_30m_a0.001_l0.5,missing:recent_net_yards_ewm10,0.0,0.0
dq2_market_ridge_15m_a0.1,score_margin_x_late,-0.1323299951559174,0.1323299951559174
dq2_market_ridge_15m_a0.1,score_margin_home,0.09440396771056232,0.09440396771056232
dq2_market_ridge_15m_a0.1,baseline_net_yards_007,-0.0775760151837391,0.0775760151837391
dq2_market_ridge_15m_a0.1,p11_v2_exact,0.059312304660964904,0.059312304660964904
dq2_market_ridge_15m_a0.1,cum_net_yards_margin,0.04643175474676718,0.04643175474676718
dq2_market_ridge_15m_a0.1,p11_cvw1_k0_c0.1_tp11_cosine,-0.020221352297292158,0.020221352297292158
dq2_market_ridge_15m_a0.1,baseline_current_dq_cumulative,-0.015170966303350374,0.015170966303350374
dq2_market_ridge_15m_a0.1,recent_dq_play_ewm5,0.0142191081728122,0.0142191081728122
dq2_market_ridge_15m_a0.1,p11_cvw0.5_k3_c0.1_tp11_cosine,0.013465149201590858,0.013465149201590858
dq2_market_ridge_15m_a0.1,market_home_fair,-0.0127856157016772,0.0127856157016772
dq2_market_ridge_15m_a0.1,recent_dq_play_ewm10,-0.009181934819786828,0.009181934819786828
dq2_market_ridge_15m_a0.1,recent_net_yards_ewm10,-0.0075888663269465615,0.0075888663269465615
dq2_market_ridge_15m_a0.1,recent_dq_play_ewm20,0.007559412428750171,0.007559412428750171
dq2_market_ridge_15m_a0.1,cum_dq_play_margin,-0.007197182043747638,0.007197182043747638
dq2_market_ridge_15m_a0.1,home_possession,-0.006690632065923974,0.006690632065923974
dq2_market_ridge_15m_a0.1,recent_epa_ewm5,-0.00662386241319671,0.00662386241319671
dq2_market_ridge_15m_a0.1,recent_epa_ewm10,0.004654362400801267,0.004654362400801267
dq2_market_ridge_15m_a0.1,home_entry_imbalance,-0.003749406553734971,0.003749406553734971
dq2_market_ridge_15m_a0.1,yardline_100,0.003607826228497247,0.003607826228497247
dq2_market_ridge_15m_a0.1,market_logit,0.002882363729977438,0.002882363729977438
dq2_market_ridge_15m_a0.1,baseline_cumulative_epa,-0.0027553576941960027,0.0027553576941960027
dq2_market_ridge_15m_a0.1,cum_epa_margin,-0.0027553576938333327,0.0027553576938333327
dq2_market_ridge_15m_a0.1,recent_net_yards_ewm5,0.002345255024439349,0.002345255024439349
dq2_market_ridge_15m_a0.1,prior_sq_process_adjustment_ewm5,-0.002168204851152715,0.002168204851152715
dq2_market_ridge_15m_a0.1,prior_sq_adjustment_ewm5,-0.0019454012600651535,0.0019454012600651535
dq2_market_ridge_15m_a0.1,home_entry_spread,-0.0018729548682275396,0.0018729548682275396
dq2_market_ridge_15m_a0.1,ydstogo,0.0018089482335438374,0.0018089482335438374
dq2_market_ridge_15m_a0.1,missing:recent_dq_play_ewm5,0.0016723775753940448,0.0016723775753940448
dq2_market_ridge_15m_a0.1,missing:recent_dq_play_ewm20,0.0016723775753875738,0.0016723775753875738
dq2_market_ridge_15m_a0.1,missing:recent_dq_play_ewm10,0.001672377575385118,0.001672377575385118
dq2_market_ridge_15m_a0.1,missing:baseline_current_dq_cumulative,-0.0013259972178578205,0.0013259972178578205
dq2_market_ridge_15m_a0.1,missing:cum_dq_play_margin,-0.0013259972178378833,0.0013259972178378833
dq2_market_ridge_15m_a0.1,prior_process_surprise_ewm5,0.0010622963377869658,0.0010622963377869658
dq2_market_ridge_15m_a0.1,down,0.0008320178140159688,0.0008320178140159688
dq2_market_ridge_15m_a0.1,missing:prior_sq_process_adjustment_ewm5,0.0007695997502697998,0.0007695997502697998
dq2_market_ridge_15m_a0.1,missing:prior_sq_adjustment_ewm5,0.0007695997502665789,0.0007695997502665789
dq2_market_ridge_15m_a0.1,missing:prior_process_surprise_ewm5,0.0007695997502508307,0.0007695997502508307
dq2_market_ridge_15m_a0.1,remaining_minutes,0.00036776354475871194,0.00036776354475871194
dq2_market_ridge_15m_a0.1,elapsed_fraction,-0.000367763543609224,0.000367763543609224
dq2_market_ridge_15m_a0.1,away_entry_imbalance,-0.00014547351237763156,0.00014547351237763156
dq2_market_ridge_15m_a0.1,missing:recent_net_yards_ewm10,-6.654724218399031e-05,6.654724218399031e-05
dq2_market_ridge_15m_a0.1,missing:recent_net_yards_ewm5,-6.654724217925595e-05,6.654724217925595e-05
dq2_market_ridge_15m_a0.1,missing:recent_epa_ewm5,-6.654724217917771e-05,6.654724217917771e-05
dq2_market_ridge_15m_a0.1,missing:recent_epa_ewm10,-6.654724217903868e-05,6.654724217903868e-05
dq2_market_ridge_15m_a1,score_margin_home,0.02117799988919053,0.02117799988919053
dq2_market_ridge_15m_a1,p11_v2_exact,0.0210446487100406,0.0210446487100406
dq2_market_ridge_15m_a1,baseline_net_yards_007,-0.01605771129597698,0.01605771129597698
dq2_market_ridge_15m_a1,baseline_current_dq_cumulative,-0.015121446933609931,0.015121446933609931
dq2_market_ridge_15m_a1,recent_dq_play_ewm5,0.014168021498944023,0.014168021498944023
dq2_market_ridge_15m_a1,score_margin_x_late,-0.014100344985486474,0.014100344985486474
dq2_market_ridge_15m_a1,p11_cvw0.5_k3_c0.1_tp11_cosine,0.013386282144233666,0.013386282144233666
dq2_market_ridge_15m_a1,market_home_fair,-0.012825210648691639,0.012825210648691639
dq2_market_ridge_15m_a1,cum_net_yards_margin,0.0120954766558184,0.0120954766558184
dq2_market_ridge_15m_a1,recent_dq_play_ewm10,-0.009130684354706823,0.009130684354706823
dq2_market_ridge_15m_a1,recent_dq_play_ewm20,0.00749257084321722,0.00749257084321722
dq2_market_ridge_15m_a1,recent_net_yards_ewm10,-0.007350135586856679,0.007350135586856679
dq2_market_ridge_15m_a1,cum_dq_play_margin,-0.007116056275692475,0.007116056275692475
dq2_market_ridge_15m_a1,home_possession,-0.006660796774540324,0.006660796774540324
dq2_market_ridge_15m_a1,recent_epa_ewm5,-0.006463391524904124,0.006463391524904124
dq2_market_ridge_15m_a1,p11_cvw1_k0_c0.1_tp11_cosine,-0.005389269114962599,0.005389269114962599
dq2_market_ridge_15m_a1,recent_epa_ewm10,0.00448237886630716,0.00448237886630716
dq2_market_ridge_15m_a1,home_entry_imbalance,-0.0037827032047781208,0.0037827032047781208
dq2_market_ridge_15m_a1,yardline_100,0.003617165551589719,0.003617165551589719
dq2_market_ridge_15m_a1,market_logit,0.002898257443990063,0.002898257443990063
dq2_market_ridge_15m_a1,baseline_cumulative_epa,-0.0026616352556464175,0.0026616352556464175
dq2_market_ridge_15m_a1,cum_epa_margin,-0.0026616352556184672,0.0026616352556184672
dq2_market_ridge_15m_a1,recent_net_yards_ewm5,0.0021631320492611988,0.0021631320492611988
dq2_market_ridge_15m_a1,prior_sq_process_adjustment_ewm5,-0.002139638989060697,0.002139638989060697
dq2_market_ridge_15m_a1,prior_sq_adjustment_ewm5,-0.0019684005810126724,0.0019684005810126724
dq2_market_ridge_15m_a1,home_entry_spread,-0.0018747890478346037,0.0018747890478346037
dq2_market_ridge_15m_a1,ydstogo,0.0017958333058173256,0.0017958333058173256
dq2_market_ridge_15m_a1,missing:recent_dq_play_ewm20,0.001679834470317911,0.001679834470317911
dq2_market_ridge_15m_a1,missing:recent_dq_play_ewm10,0.0016798344703178487,0.0016798344703178487
dq2_market_ridge_15m_a1,missing:recent_dq_play_ewm5,0.0016798344703149771,0.0016798344703149771
dq2_market_ridge_15m_a1,missing:baseline_current_dq_cumulative,-0.0013337692577557127,0.0013337692577557127
dq2_market_ridge_15m_a1,missing:cum_dq_play_margin,-0.0013337692577507002,0.0013337692577507002
dq2_market_ridge_15m_a1,prior_process_surprise_ewm5,0.0010177502618970101,0.0010177502618970101
dq2_market_ridge_15m_a1,down,0.0008368710874063547,0.0008368710874063547
dq2_market_ridge_15m_a1,missing:prior_sq_process_adjustment_ewm5,0.0007706756997655222,0.0007706756997655222
dq2_market_ridge_15m_a1,missing:prior_process_surprise_ewm5,0.0007706756997640233,0.0007706756997640233
dq2_market_ridge_15m_a1,missing:prior_sq_adjustment_ewm5,0.0007706756997632213,0.0007706756997632213
dq2_market_ridge_15m_a1,remaining_minutes,0.00038000030626094355,0.00038000030626094355
dq2_market_ridge_15m_a1,elapsed_fraction,-0.00038000030614286244,0.00038000030614286244
dq2_market_ridge_15m_a1,away_entry_imbalance,-0.00017171160090133535,0.00017171160090133535
dq2_market_ridge_15m_a1,missing:recent_net_yards_ewm10,-6.808721006799585e-05,6.808721006799585e-05
dq2_market_ridge_15m_a1,missing:recent_net_yards_ewm5,-6.808721006693366e-05,6.808721006693366e-05
dq2_market_ridge_15m_a1,missing:recent_epa_ewm10,-6.808721006691472e-05,6.808721006691472e-05
dq2_market_ridge_15m_a1,missing:recent_epa_ewm5,-6.808721006687558e-05,6.808721006687558e-05
dq2_market_ridge_15m_a10,baseline_current_dq_cumulative,-0.015019784960736396,0.015019784960736396
dq2_market_ridge_15m_a10,recent_dq_play_ewm5,0.01278861296746178,0.01278861296746178
dq2_market_ridge_15m_a10,market_home_fair,-0.012440854324042187,0.012440854324042187
dq2_market_ridge_15m_a10,p11_cvw0.5_k3_c0.1_tp11_cosine,0.012420732209768144,0.012420732209768144
dq2_market_ridge_15m_a10,cum_net_yards_margin,0.007968808811060964,0.007968808811060964
dq2_market_ridge_15m_a10,recent_net_yards_ewm10,-0.007272068142029969,0.007272068142029969
dq2_market_ridge_15m_a10,recent_dq_play_ewm10,-0.007238995258034959,0.007238995258034959
dq2_market_ridge_15m_a10,cum_dq_play_margin,-0.006895263522023985,0.006895263522023985
dq2_market_ridge_15m_a10,score_margin_home,0.0067553884353040135,0.0067553884353040135
dq2_market_ridge_15m_a10,recent_dq_play_ewm20,0.006707531877740491,0.006707531877740491
dq2_market_ridge_15m_a10,home_possession,-0.006487846833388915,0.006487846833388915
dq2_market_ridge_15m_a10,recent_epa_ewm5,-0.00593008365117972,0.00593008365117972
dq2_market_ridge_15m_a10,recent_epa_ewm10,0.0039022767173353804,0.0039022767173353804
dq2_market_ridge_15m_a10,home_entry_imbalance,-0.0036835625334306447,0.0036835625334306447
dq2_market_ridge_15m_a10,yardline_100,0.0036231123014353,0.0036231123014353
dq2_market_ridge_15m_a10,p11_v2_exact,0.0034725655256748946,0.0034725655256748946
dq2_market_ridge_15m_a10,score_margin_x_late,0.0031874711299570554,0.0031874711299570554
dq2_market_ridge_15m_a10,baseline_cumulative_epa,-0.0025880531226089008,0.0025880531226089008
dq2_market_ridge_15m_a10,cum_epa_margin,-0.0025880531226057887,0.0025880531226057887
dq2_market_ridge_15m_a10,market_logit,0.0025195628880431537,0.0025195628880431537
dq2_market_ridge_15m_a10,recent_net_yards_ewm5,0.00217696190589874,0.00217696190589874
dq2_market_ridge_15m_a10,prior_sq_process_adjustment_ewm5,-0.0020860765189329358,0.0020860765189329358
dq2_market_ridge_15m_a10,prior_sq_adjustment_ewm5,-0.0019549411630581924,0.0019549411630581924
dq2_market_ridge_15m_a10,home_entry_spread,-0.0018645244438210324,0.0018645244438210324
dq2_market_ridge_15m_a10,baseline_net_yards_007,-0.001829248791262773,0.001829248791262773
dq2_market_ridge_15m_a10,ydstogo,0.0017861198768622942,0.0017861198768622942
dq2_market_ridge_15m_a10,missing:recent_dq_play_ewm5,0.0016723107575461725,0.0016723107575461725
dq2_market_ridge_15m_a10,missing:recent_dq_play_ewm10,0.0016723107575460736,0.0016723107575460736
dq2_market_ridge_15m_a10,missing:recent_dq_play_ewm20,0.0016723107575458724,0.0016723107575458724
dq2_market_ridge_15m_a10,p11_cvw1_k0_c0.1_tp11_cosine,0.001623564417826424,0.001623564417826424
dq2_market_ridge_15m_a10,missing:baseline_current_dq_cumulative,-0.0013308821107130882,0.0013308821107130882
dq2_market_ridge_15m_a10,missing:cum_dq_play_margin,-0.001330882110712782,0.001330882110712782
dq2_market_ridge_15m_a10,prior_process_surprise_ewm5,0.0009669317406995575,0.0009669317406995575
dq2_market_ridge_15m_a10,down,0.0008337057540485904,0.0008337057540485904
dq2_market_ridge_15m_a10,missing:prior_sq_process_adjustment_ewm5,0.0007701309911824199,0.0007701309911824199
dq2_market_ridge_15m_a10,missing:prior_process_surprise_ewm5,0.0007701309911821937,0.0007701309911821937
dq2_market_ridge_15m_a10,missing:prior_sq_adjustment_ewm5,0.000770130991182095,0.000770130991182095
dq2_market_ridge_15m_a10,remaining_minutes,0.0003778012504481735,0.0003778012504481735
dq2_market_ridge_15m_a10,elapsed_fraction,-0.00037780125043649645,0.00037780125043649645
dq2_market_ridge_15m_a10,away_entry_imbalance,-9.237487816281884e-05,9.237487816281884e-05
dq2_market_ridge_15m_a10,missing:recent_net_yards_ewm5,-6.855369143627634e-05,6.855369143627634e-05
dq2_market_ridge_15m_a10,missing:recent_epa_ewm10,-6.855369143627228e-05,6.855369143627228e-05
dq2_market_ridge_15m_a10,missing:recent_epa_ewm5,-6.855369143626587e-05,6.855369143626587e-05
dq2_market_ridge_15m_a10,missing:recent_net_yards_ewm10,-6.855369143618342e-05,6.855369143618342e-05
dq2_market_ridge_15m_a100,baseline_current_dq_cumulative,-0.013807134641492884,0.013807134641492884
dq2_market_ridge_15m_a100,market_home_fair,-0.009832317273250355,0.009832317273250355
dq2_market_ridge_15m_a100,recent_dq_play_ewm5,0.008047517692294656,0.008047517692294656
dq2_market_ridge_15m_a100,p11_cvw0.5_k3_c0.1_tp11_cosine,0.007818680064894827,0.007818680064894827
dq2_market_ridge_15m_a100,cum_net_yards_margin,0.007716344666384703,0.007716344666384703
dq2_market_ridge_15m_a100,home_possession,-0.005619555927673643,0.005619555927673643
dq2_market_ridge_15m_a100,cum_dq_play_margin,-0.0055563790658419284,0.0055563790658419284
dq2_market_ridge_15m_a100,recent_net_yards_ewm10,-0.005171974738937598,0.005171974738937598
dq2_market_ridge_15m_a100,score_margin_home,0.00427398930025156,0.00427398930025156
dq2_market_ridge_15m_a100,score_margin_x_late,0.00392903885211976,0.00392903885211976
dq2_market_ridge_15m_a100,recent_dq_play_ewm20,0.0037486932164858284,0.0037486932164858284
dq2_market_ridge_15m_a100,yardline_100,0.0035999740938320265,0.0035999740938320265
dq2_market_ridge_15m_a100,recent_epa_ewm5,-0.003353460510481055,0.003353460510481055
dq2_market_ridge_15m_a100,home_entry_imbalance,-0.0030026201548181276,0.0030026201548181276
dq2_market_ridge_15m_a100,p11_cvw1_k0_c0.1_tp11_cosine,0.0029442037594604883,0.0029442037594604883
dq2_market_ridge_15m_a100,baseline_cumulative_epa,-0.0023394796691154876,0.0023394796691154876
dq2_market_ridge_15m_a100,cum_epa_margin,-0.002339479669115181,0.002339479669115181
dq2_market_ridge_15m_a100,prior_sq_process_adjustment_ewm5,-0.0018239951134032732,0.0018239951134032732
dq2_market_ridge_15m_a100,prior_sq_adjustment_ewm5,-0.0018150151844221287,0.0018150151844221287
dq2_market_ridge_15m_a100,home_entry_spread,-0.001799258252054757,0.001799258252054757
dq2_market_ridge_15m_a100,ydstogo,0.0017469608491883833,0.0017469608491883833
dq2_market_ridge_15m_a100,missing:recent_dq_play_ewm5,0.001596917282177238,0.001596917282177238
dq2_market_ridge_15m_a100,missing:recent_dq_play_ewm20,0.0015969172821772369,0.0015969172821772369
dq2_market_ridge_15m_a100,missing:recent_dq_play_ewm10,0.001596917282177222,0.001596917282177222
dq2_market_ridge_15m_a100,p11_v2_exact,0.0013631126451791173,0.0013631126451791173
dq2_market_ridge_15m_a100,missing:baseline_current_dq_cumulative,-0.0012604066869996388,0.0012604066869996388
dq2_market_ridge_15m_a100,missing:cum_dq_play_margin,-0.001260406686999594,0.001260406686999594
dq2_market_ridge_15m_a100,recent_dq_play_ewm10,-0.0011274462319865958,0.0011274462319865958
dq2_market_ridge_15m_a100,recent_epa_ewm10,0.0011011533723083952,0.0011011533723083952
dq2_market_ridge_15m_a100,baseline_net_yards_007,0.0009852577666797488,0.0009852577666797488
dq2_market_ridge_15m_a100,recent_net_yards_ewm5,0.0008605046938964222,0.0008605046938964222
dq2_market_ridge_15m_a100,down,0.0008113508356250117,0.0008113508356250117
dq2_market_ridge_15m_a100,missing:prior_sq_adjustment_ewm5,0.0007545265757241362,0.0007545265757241362
dq2_market_ridge_15m_a100,missing:prior_process_surprise_ewm5,0.0007545265757241229,0.0007545265757241229
dq2_market_ridge_15m_a100,missing:prior_sq_process_adjustment_ewm5,0.0007545265757241228,0.0007545265757241228
dq2_market_ridge_15m_a100,prior_process_surprise_ewm5,0.0007266988686081057,0.0007266988686081057
dq2_market_ridge_15m_a100,away_entry_imbalance,0.0004437201693423862,0.0004437201693423862
dq2_market_ridge_15m_a100,remaining_minutes,0.00035865044112322987,0.00035865044112322987
dq2_market_ridge_15m_a100,elapsed_fraction,-0.0003586504411220514,0.0003586504411220514
dq2_market_ridge_15m_a100,market_logit,0.00020633859306765388,0.00020633859306765388
dq2_market_ridge_15m_a100,missing:recent_epa_ewm5,-6.390942676498522e-05,6.390942676498522e-05
dq2_market_ridge_15m_a100,missing:recent_net_yards_ewm5,-6.390942676498456e-05,6.390942676498456e-05
dq2_market_ridge_15m_a100,missing:recent_epa_ewm10,-6.39094267649841e-05,6.39094267649841e-05
dq2_market_ridge_15m_a100,missing:recent_net_yards_ewm10,-6.390942676498366e-05,6.390942676498366e-05
dq2_market_ridge_30m_a0.1,p11_v2_exact,-0.14864468404405304,0.14864468404405304
dq2_market_ridge_30m_a0.1,p11_cvw1_k0_c0.1_tp11_cosine,0.06880832484130665,0.06880832484130665
dq2_market_ridge_30m_a0.1,baseline_net_yards_007,0.056456284202482214,0.056456284202482214
dq2_market_ridge_30m_a0.1,cum_net_yards_margin,0.04305280674864118,0.04305280674864118
dq2_market_ridge_30m_a0.1,score_margin_x_late,-0.029811243910042355,0.029811243910042355
dq2_market_ridge_30m_a0.1,recent_net_yards_ewm10,-0.028471392624302698,0.028471392624302698
dq2_market_ridge_30m_a0.1,baseline_current_dq_cumulative,-0.025975848146834547,0.025975848146834547
dq2_market_ridge_30m_a0.1,recent_dq_play_ewm20,0.02434629609058154,0.02434629609058154
dq2_market_ridge_30m_a0.1,recent_dq_play_ewm10,-0.019279289260397958,0.019279289260397958
dq2_market_ridge_30m_a0.1,score_margin_home,-0.017844974065176194,0.017844974065176194
dq2_market_ridge_30m_a0.1,cum_dq_play_margin,-0.015339240128441437,0.015339240128441437
dq2_market_ridge_30m_a0.1,recent_net_yards_ewm5,0.015022396827142811,0.015022396827142811
dq2_market_ridge_30m_a0.1,recent_dq_play_ewm5,0.01370211805250632,0.01370211805250632
dq2_market_ridge_30m_a0.1,home_entry_imbalance,-0.012282790518726078,0.012282790518726078
dq2_market_ridge_30m_a0.1,market_home_fair,-0.012104265753250928,0.012104265753250928
dq2_market_ridge_30m_a0.1,away_entry_imbalance,-0.010233219730883193,0.010233219730883193
dq2_market_ridge_30m_a0.1,baseline_cumulative_epa,-0.006471787630320657,0.006471787630320657
dq2_market_ridge_30m_a0.1,cum_epa_margin,-0.006471787630291362,0.006471787630291362
dq2_market_ridge_30m_a0.1,recent_epa_ewm10,0.006376704731158913,0.006376704731158913
dq2_market_ridge_30m_a0.1,recent_epa_ewm5,-0.006011176944305178,0.006011176944305178
dq2_market_ridge_30m_a0.1,prior_process_surprise_ewm5,0.004740518201582418,0.004740518201582418
dq2_market_ridge_30m_a0.1,market_logit,-0.00388766651061864,0.00388766651061864
dq2_market_ridge_30m_a0.1,down,0.0037975747706335337,0.0037975747706335337
dq2_market_ridge_30m_a0.1,home_possession,-0.0035369753225714244,0.0035369753225714244
dq2_market_ridge_30m_a0.1,ydstogo,0.003379975550726836,0.003379975550726836
dq2_market_ridge_30m_a0.1,prior_sq_adjustment_ewm5,-0.00325389310955544,0.00325389310955544
dq2_market_ridge_30m_a0.1,missing:prior_sq_adjustment_ewm5,0.003018935610980971,0.003018935610980971
dq2_market_ridge_30m_a0.1,missing:prior_process_surprise_ewm5,0.0030189356109349866,0.0030189356109349866
dq2_market_ridge_30m_a0.1,missing:prior_sq_process_adjustment_ewm5,0.0030189356093112377,0.0030189356093112377
dq2_market_ridge_30m_a0.1,p11_cvw0.5_k3_c0.1_tp11_cosine,0.00284863316430978,0.00284863316430978
dq2_market_ridge_30m_a0.1,missing:recent_dq_play_ewm5,0.0017707741469415708,0.0017707741469415708
dq2_market_ridge_30m_a0.1,missing:recent_dq_play_ewm20,0.0017707741469386409,0.0017707741469386409
dq2_market_ridge_30m_a0.1,missing:recent_dq_play_ewm10,0.0017707741469321313,0.0017707741469321313
dq2_market_ridge_30m_a0.1,home_entry_spread,-0.001727506279768365,0.001727506279768365
dq2_market_ridge_30m_a0.1,yardline_100,0.0015056881297366058,0.0015056881297366058
dq2_market_ridge_30m_a0.1,prior_sq_process_adjustment_ewm5,-0.001493200979992396,0.001493200979992396
dq2_market_ridge_30m_a0.1,remaining_minutes,0.0006771798745295844,0.0006771798745295844
dq2_market_ridge_30m_a0.1,elapsed_fraction,-0.0006771798741023425,0.0006771798741023425
dq2_market_ridge_30m_a0.1,missing:cum_dq_play_margin,-0.00026811570502049476,0.00026811570502049476
dq2_market_ridge_30m_a0.1,missing:baseline_current_dq_cumulative,-0.00026811570490613827,0.00026811570490613827
dq2_market_ridge_30m_a0.1,missing:recent_net_yards_ewm5,-3.3019173336606614e-05,3.3019173336606614e-05
dq2_market_ridge_30m_a0.1,missing:recent_epa_ewm10,-3.301917333147542e-05,3.301917333147542e-05
dq2_market_ridge_30m_a0.1,missing:recent_net_yards_ewm10,-3.301917332838911e-05,3.301917332838911e-05
dq2_market_ridge_30m_a0.1,missing:recent_epa_ewm5,-3.3019173323367e-05,3.3019173323367e-05
dq2_market_ridge_30m_a1,p11_v2_exact,-0.06331613841718181,0.06331613841718181
dq2_market_ridge_30m_a1,p11_cvw1_k0_c0.1_tp11_cosine,0.03589155575078407,0.03589155575078407
dq2_market_ridge_30m_a1,cum_net_yards_margin,0.03236112493798615,0.03236112493798615
dq2_market_ridge_30m_a1,recent_net_yards_ewm10,-0.028639740511102678,0.028639740511102678
dq2_market_ridge_30m_a1,baseline_net_yards_007,0.02849818125642106,0.02849818125642106
dq2_market_ridge_30m_a1,baseline_current_dq_cumulative,-0.02605054165849099,0.02605054165849099
dq2_market_ridge_30m_a1,recent_dq_play_ewm20,0.024076927522732668,0.024076927522732668
dq2_market_ridge_30m_a1,recent_dq_play_ewm10,-0.01860141946216918,0.01860141946216918
dq2_market_ridge_30m_a1,cum_dq_play_margin,-0.015410930745742473,0.015410930745742473
dq2_market_ridge_30m_a1,recent_net_yards_ewm5,0.015072902125620038,0.015072902125620038
dq2_market_ridge_30m_a1,score_margin_x_late,-0.013425745927617881,0.013425745927617881
dq2_market_ridge_30m_a1,recent_dq_play_ewm5,0.013263958457736083,0.013263958457736083
dq2_market_ridge_30m_a1,home_entry_imbalance,-0.012178696377257568,0.012178696377257568
dq2_market_ridge_30m_a1,market_home_fair,-0.011957401284859228,0.011957401284859228
dq2_market_ridge_30m_a1,away_entry_imbalance,-0.010133937399803705,0.010133937399803705
dq2_market_ridge_30m_a1,baseline_cumulative_epa,-0.00670500440079071,0.00670500440079071
dq2_market_ridge_30m_a1,cum_epa_margin,-0.0067050044007892756,0.0067050044007892756
dq2_market_ridge_30m_a1,recent_epa_ewm10,0.006407310060032013,0.006407310060032013
dq2_market_ridge_30m_a1,recent_epa_ewm5,-0.005954680642172074,0.005954680642172074
dq2_market_ridge_30m_a1,prior_process_surprise_ewm5,0.0047409378542931395,0.0047409378542931395
dq2_market_ridge_30m_a1,market_logit,-0.003958747471547062,0.003958747471547062
dq2_market_ridge_30m_a1,down,0.003800718003639214,0.003800718003639214
dq2_market_ridge_30m_a1,home_possession,-0.003458416384017882,0.003458416384017882
dq2_market_ridge_30m_a1,ydstogo,0.0033896297768922674,0.0033896297768922674
dq2_market_ridge_30m_a1,prior_sq_adjustment_ewm5,-0.0031723268807829362,0.0031723268807829362
dq2_market_ridge_30m_a1,missing:prior_sq_adjustment_ewm5,0.0030165745557497684,0.0030165745557497684
dq2_market_ridge_30m_a1,missing:prior_process_surprise_ewm5,0.003016574555749696,0.003016574555749696
dq2_market_ridge_30m_a1,missing:prior_sq_process_adjustment_ewm5,0.003016574555599092,0.003016574555599092
dq2_market_ridge_30m_a1,p11_cvw0.5_k3_c0.1_tp11_cosine,0.002499765583551627,0.002499765583551627
dq2_market_ridge_30m_a1,score_margin_home,-0.0020440743783375587,0.0020440743783375587
dq2_market_ridge_30m_a1,missing:recent_dq_play_ewm5,0.001746690485342948,0.001746690485342948
dq2_market_ridge_30m_a1,missing:recent_dq_play_ewm10,0.001746690485341724,0.001746690485341724
dq2_market_ridge_30m_a1,missing:recent_dq_play_ewm20,0.0017466904853413747,0.0017466904853413747
dq2_market_ridge_30m_a1,home_entry_spread,-0.0017027772286069822,0.0017027772286069822
dq2_market_ridge_30m_a1,yardline_100,0.0015029481310991713,0.0015029481310991713
dq2_market_ridge_30m_a1,prior_sq_process_adjustment_ewm5,-0.0014708899566077194,0.0014708899566077194
dq2_market_ridge_30m_a1,remaining_minutes,0.0006852073990582402,0.0006852073990582402
dq2_market_ridge_30m_a1,elapsed_fraction,-0.0006852073990214664,0.0006852073990214664
dq2_market_ridge_30m_a1,missing:cum_dq_play_margin,-0.00024229922666531954,0.00024229922666531954
dq2_market_ridge_30m_a1,missing:baseline_current_dq_cumulative,-0.00024229922665777858,0.00024229922665777858
dq2_market_ridge_30m_a1,missing:recent_epa_ewm5,-2.944621094111746e-05,2.944621094111746e-05
dq2_market_ridge_30m_a1,missing:recent_epa_ewm10,-2.9446210940643217e-05,2.9446210940643217e-05
dq2_market_ridge_30m_a1,missing:recent_net_yards_ewm10,-2.944621094055246e-05,2.944621094055246e-05
dq2_market_ridge_30m_a1,missing:recent_net_yards_ewm5,-2.9446210940237312e-05,2.9446210940237312e-05
dq2_market_ridge_30m_a10,recent_net_yards_ewm10,-0.02691341062902602,0.02691341062902602
dq2_market_ridge_30m_a10,baseline_current_dq_cumulative,-0.025786726547745508,0.025786726547745508
dq2_market_ridge_30m_a10,cum_net_yards_margin,0.022710107363726723,0.022710107363726723
dq2_market_ridge_30m_a10,recent_dq_play_ewm20,0.022484467437040145,0.022484467437040145
dq2_market_ridge_30m_a10,recent_dq_play_ewm10,-0.016206048474208576,0.016206048474208576
dq2_market_ridge_30m_a10,cum_dq_play_margin,-0.015156551809623763,0.015156551809623763
dq2_market_ridge_30m_a10,recent_net_yards_ewm5,0.013493334497880986,0.013493334497880986
dq2_market_ridge_30m_a10,p11_cvw1_k0_c0.1_tp11_cosine,0.012929209010619787,0.012929209010619787
dq2_market_ridge_30m_a10,recent_dq_play_ewm5,0.011915648830054082,0.011915648830054082
dq2_market_ridge_30m_a10,home_entry_imbalance,-0.011714955501725577,0.011714955501725577
dq2_market_ridge_30m_a10,market_home_fair,-0.011655724994484355,0.011655724994484355
dq2_market_ridge_30m_a10,baseline_net_yards_007,0.011296515666478128,0.011296515666478128
dq2_market_ridge_30m_a10,away_entry_imbalance,-0.00969232383318272,0.00969232383318272
dq2_market_ridge_30m_a10,cum_epa_margin,-0.0067468039763959806,0.0067468039763959806
dq2_market_ridge_30m_a10,baseline_cumulative_epa,-0.006746803976395621,0.006746803976395621
dq2_market_ridge_30m_a10,score_margin_home,0.005664449568121322,0.005664449568121322
dq2_market_ridge_30m_a10,recent_epa_ewm10,0.005170259098467255,0.005170259098467255
dq2_market_ridge_30m_a10,p11_v2_exact,-0.004745943373154348,0.004745943373154348
dq2_market_ridge_30m_a10,recent_epa_ewm5,-0.00472162702088827,0.00472162702088827
dq2_market_ridge_30m_a10,prior_process_surprise_ewm5,0.004659347488671683,0.004659347488671683
dq2_market_ridge_30m_a10,market_logit,-0.004153958068321772,0.004153958068321772
dq2_market_ridge_30m_a10,down,0.003791876745331455,0.003791876745331455
dq2_market_ridge_30m_a10,score_margin_x_late,0.003777021053594174,0.003777021053594174
dq2_market_ridge_30m_a10,ydstogo,0.00337635546950554,0.00337635546950554
dq2_market_ridge_30m_a10,home_possession,-0.003167488596668565,0.003167488596668565
dq2_market_ridge_30m_a10,prior_sq_adjustment_ewm5,-0.0030352832563806174,0.0030352832563806174
dq2_market_ridge_30m_a10,missing:prior_process_surprise_ewm5,0.0030149108608557838,0.0030149108608557838
dq2_market_ridge_30m_a10,missing:prior_sq_adjustment_ewm5,0.0030149108608554546,0.0030149108608554546
dq2_market_ridge_30m_a10,missing:prior_sq_process_adjustment_ewm5,0.0030149108608401487,0.0030149108608401487
dq2_market_ridge_30m_a10,p11_cvw0.5_k3_c0.1_tp11_cosine,0.0026504927261418506,0.0026504927261418506
dq2_market_ridge_30m_a10,missing:recent_dq_play_ewm20,0.0017316125972615536,0.0017316125972615536
dq2_market_ridge_30m_a10,missing:recent_dq_play_ewm10,0.001731612597261059,0.001731612597261059
dq2_market_ridge_30m_a10,missing:recent_dq_play_ewm5,0.0017316125972609356,0.0017316125972609356
dq2_market_ridge_30m_a10,home_entry_spread,-0.0016793542137962239,0.0016793542137962239
dq2_market_ridge_30m_a10,yardline_100,0.001497644376371177,0.001497644376371177
dq2_market_ridge_30m_a10,prior_sq_process_adjustment_ewm5,-0.0013651787542885466,0.0013651787542885466
dq2_market_ridge_30m_a10,remaining_minutes,0.0006817896746068559,0.0006817896746068559
dq2_market_ridge_30m_a10,elapsed_fraction,-0.0006817896746034165,0.0006817896746034165
dq2_market_ridge_30m_a10,missing:cum_dq_play_margin,-0.0002168673456059684,0.0002168673456059684
dq2_market_ridge_30m_a10,missing:baseline_current_dq_cumulative,-0.00021686734560499003,0.00021686734560499003
dq2_market_ridge_30m_a10,missing:recent_net_yards_ewm10,-2.9361610306997267e-05,2.9361610306997267e-05
dq2_market_ridge_30m_a10,missing:recent_epa_ewm10,-2.936161030697817e-05,2.936161030697817e-05
dq2_market_ridge_30m_a10,missing:recent_net_yards_ewm5,-2.9361610306975963e-05,2.9361610306975963e-05
dq2_market_ridge_30m_a10,missing:recent_epa_ewm5,-2.936161030692406e-05,2.936161030692406e-05
dq2_market_ridge_30m_a100,baseline_current_dq_cumulative,-0.02288722285098544,0.02288722285098544
dq2_market_ridge_30m_a100,cum_net_yards_margin,0.01812826234852842,0.01812826234852842
dq2_market_ridge_30m_a100,recent_net_yards_ewm10,-0.01668431815806464,0.01668431815806464
dq2_market_ridge_30m_a100,recent_dq_play_ewm20,0.015001043060394886,0.015001043060394886
dq2_market_ridge_30m_a100,cum_dq_play_margin,-0.012659082687508144,0.012659082687508144
dq2_market_ridge_30m_a100,market_home_fair,-0.01009774278267555,0.01009774278267555
dq2_market_ridge_30m_a100,home_entry_imbalance,-0.00876801914163469,0.00876801914163469
dq2_market_ridge_30m_a100,p11_cvw1_k0_c0.1_tp11_cosine,0.007253329171173,0.007253329171173
dq2_market_ridge_30m_a100,recent_dq_play_ewm10,-0.007094568568595625,0.007094568568595625
dq2_market_ridge_30m_a100,away_entry_imbalance,-0.00689923779944142,0.00689923779944142
dq2_market_ridge_30m_a100,baseline_net_yards_007,0.006862011485333043,0.006862011485333043
dq2_market_ridge_30m_a100,recent_dq_play_ewm5,0.006849548583669436,0.006849548583669436
dq2_market_ridge_30m_a100,score_margin_home,0.006279814301877796,0.006279814301877796
dq2_market_ridge_30m_a100,score_margin_x_late,0.006090774043049087,0.006090774043049087
dq2_market_ridge_30m_a100,baseline_cumulative_epa,-0.006047423633689377,0.006047423633689377
dq2_market_ridge_30m_a100,cum_epa_margin,-0.00604742363368936,0.00604742363368936
dq2_market_ridge_30m_a100,recent_net_yards_ewm5,0.005194041594746614,0.005194041594746614
dq2_market_ridge_30m_a100,market_logit,-0.005012332420926063,0.005012332420926063
dq2_market_ridge_30m_a100,p11_cvw0.5_k3_c0.1_tp11_cosine,0.004405370883550169,0.004405370883550169
dq2_market_ridge_30m_a100,prior_process_surprise_ewm5,0.004187720274915423,0.004187720274915423
dq2_market_ridge_30m_a100,down,0.003699124186028469,0.003699124186028469
dq2_market_ridge_30m_a100,p11_v2_exact,0.003399411914587696,0.003399411914587696
dq2_market_ridge_30m_a100,ydstogo,0.003241056731902593,0.003241056731902593
dq2_market_ridge_30m_a100,missing:prior_sq_adjustment_ewm5,0.002996998956862274,0.002996998956862274
dq2_market_ridge_30m_a100,missing:prior_process_surprise_ewm5,0.0029969989568622386,0.0029969989568622386
dq2_market_ridge_30m_a100,missing:prior_sq_process_adjustment_ewm5,0.002996998956860663,0.002996998956860663
dq2_market_ridge_30m_a100,prior_sq_adjustment_ewm5,-0.002570635124691177,0.002570635124691177
dq2_market_ridge_30m_a100,home_possession,-0.0020850060518023696,0.0020850060518023696
dq2_market_ridge_30m_a100,missing:recent_dq_play_ewm5,0.0017284957880573928,0.0017284957880573928
dq2_market_ridge_30m_a100,missing:recent_dq_play_ewm20,0.0017284957880573893,0.0017284957880573893
dq2_market_ridge_30m_a100,missing:recent_dq_play_ewm10,0.001728495788057388,0.001728495788057388
dq2_market_ridge_30m_a100,home_entry_spread,-0.0016248969463288946,0.0016248969463288946
dq2_market_ridge_30m_a100,yardline_100,0.0014817431061031744,0.0014817431061031744
dq2_market_ridge_30m_a100,prior_sq_process_adjustment_ewm5,-0.000909791183251179,0.000909791183251179
dq2_market_ridge_30m_a100,remaining_minutes,0.0006168717267947769,0.0006168717267947769
dq2_market_ridge_30m_a100,elapsed_fraction,-0.0006168717267944448,0.0006168717267944448
dq2_market_ridge_30m_a100,missing:cum_dq_play_margin,-0.0001346109315935698,0.0001346109315935698
dq2_market_ridge_30m_a100,missing:baseline_current_dq_cumulative,-0.00013461093159346756,0.00013461093159346756
dq2_market_ridge_30m_a100,recent_epa_ewm5,9.054551866328061e-05,9.054551866328061e-05
dq2_market_ridge_30m_a100,missing:recent_net_yards_ewm5,-3.951013859279871e-05,3.951013859279871e-05
dq2_market_ridge_30m_a100,missing:recent_epa_ewm10,-3.951013859279783e-05,3.951013859279783e-05
dq2_market_ridge_30m_a100,missing:recent_net_yards_ewm10,-3.951013859279392e-05,3.951013859279392e-05
dq2_market_ridge_30m_a100,missing:recent_epa_ewm5,-3.951013859279125e-05,3.951013859279125e-05
dq2_market_ridge_30m_a100,recent_epa_ewm10,-3.7877564465126215e-05,3.7877564465126215e-05
