test_epoch,calibration_epochs,validation_epochs,model_class,signal_id,family,threshold_quantile,threshold,orientation,horizon,validation_trades,validation_games,validation_pnl,validation_mean_return,validation_median_return,validation_win_rate,validation_max_drawdown,validation_profit_factor,validation_mean_fair_markout,validation_median_weekly_score,validation_mean_weekly_score,validation_mean_weekly_pnl,validation_positive_weeks,validation_weeks,exact_eligible,test_trades,test_games,test_pnl,test_mean_return,test_median_return,test_win_rate,test_max_drawdown,test_profit_factor,test_mean_fair_markout
12,"6,7,8","9,10,11",DQ2_MARKET_HGB,dq2_market_hgb_30m_l31_r20,DQ2_MARKET_HGB,0.9,0.08555597728356655,-1,settle,41,41,260.9965500770865,0.6365769514075279,0.5359615384615384,0.7560975609756098,27.90487804878049,3.6034568586243045,0.25909920863294766,97.51485011862452,79.00637035089873,86.99885002569549,3,3,True,12,12,83.72612494545669,0.6977177078788057,0.48018398268398277,0.75,10.025000000000006,3.7839110538805216,0.28632473898130023
12,"6,7,8","9,10,11",DQ2_EPA_HGB,dq2_process_hgb_l7_r5_surprise_ewm5,DQ2_EPA_HGB,0.7,0.42002717326414657,1,settle,43,43,147.57827743291955,0.3432052963556268,0.17397058823529415,0.5116279069767442,139.83514882914565,1.7010011990638616,0.10340752197410455,63.225302690802366,18.913616692390047,49.19275914430648,2,3,True,14,14,20.289077077433248,0.14492197912452318,0.16091991341991346,0.5714285714285714,20.049999999999997,1.337308014587419,0.1374684065115322
12,"6,7,8","9,10,11",DQ2_TWEAKS,tweak_process_epa_ensemble,DQ2_TWEAK_ENSEMBLE,0.7,0.834148408866819,-1,settle,42,42,171.974631893636,0.4094634092705618,0.4062301587301587,0.7142857142857143,44.02096774193548,2.4295480622912384,0.18423518312376747,52.29051533901014,45.685668388508475,57.324877297878665,3,3,True,14,14,-60.864235154465476,-0.43474453681761055,-1.0025,0.42857142857142855,55.35432098765431,0.24109432475728815,-0.14921962768883348
12,"6,7,8","9,10,11",P11_GRID,p11_cvw0.5_k0_c0.07_tp11_cosine,P11_V2_GRID,0.9,0.7554234222093476,1,30m,17,13,26.812392449350178,0.15771995558441282,-0.5580555555555555,0.29411764705882354,56.692037890424984,1.3168971462637995,0.08969069912374299,26.388626251390445,-1.1246347578800215,8.937464149783397,2,3,True,7,4,13.197493734335845,0.1885356247762264,0.3308333333333335,0.5714285714285714,11.65238095238095,1.596400620660755,0.09649659296211487
12,"6,7,8","9,10,11",P11_EXACT,p11_v2_exact,P11_V2_EXACT,0.9,0.7554234222093476,1,30m,17,13,26.812392449350178,0.15771995558441282,-0.5580555555555555,0.29411764705882354,56.692037890424984,1.3168971462637995,0.08969069912374299,26.388626251390445,-1.1246347578800215,8.937464149783397,2,3,True,7,4,13.197493734335845,0.1885356247762264,0.3308333333333335,0.5714285714285714,11.65238095238095,1.596400620660755,0.09649659296211487
12,"6,7,8","9,10,11",RECENCY_BASELINES,recent_net_yards_ewm20,RECENCY_BASELINE,0.7,3.1666024651963007,-1,settle,43,43,154.57153779507684,0.3594686925466903,0.20231927710843384,0.5348837209302325,51.65648148148151,1.770930363067715,0.12257802906991902,23.71835886057045,31.55579781329274,51.52384593169227,2,3,True,14,14,55.72729610847794,0.3980521150605566,0.19514773379231215,0.6428571428571429,16.741666666666667,2.111766505904797,0.1487652413926524
12,"6,7,8","9,10,11",CANONICAL_BASELINES,baseline_current_dq_cumulative,BASELINE,0.9,7.866620260203351,1,30m,19,14,21.433337577455227,0.11280703988134326,-0.69,0.3157894736842105,71.39799253034546,1.2088494684434896,0.06557878850357508,15.838130252100836,-5.739015858868799,7.144445859151742,2,3,True,2,1,-11.108479532163742,-0.5554239766081871,-0.5554239766081871,0.0,9.97236842105263,0.0,-0.08308745934290136
12,"6,7,8","9,10,11",PRIOR_SQ_EPA,prior_sq_process_adjustment_ewm5,PRIOR_SQ_EPA,0.9,0.889801818391201,-1,30m,61,36,61.82427401226005,0.10135126887255747,-0.022908163265306144,0.45901639344262296,33.79349214409971,1.5755117423582992,0.012317298889901148,13.37380285102376,11.123611291237964,20.608091337420017,2,3,True,22,9,-14.024039845819482,-0.06374563566281581,0.020806233062330596,0.5454545454545454,24.144112746774738,0.6645669225389477,-0.011498977533601618
12,"6,7,8","9,10,11",DQ2_WINPROB,dq2_winprob_market_only_c0.1,DQ2_WINPROB_RESIDUAL,0.7,0.10421859105534644,-1,settle,40,40,44.143426551843454,0.11035856637960859,0.30474538619275465,0.725,30.074999999999996,1.4003031199441702,0.05741667180901668,3.5302055669591113,1.667399270869759,14.71447551728115,3,3,True,13,13,35.19601850285331,0.2707386038681024,0.18797619047619046,0.8461538461538461,10.024999999999999,2.7554123941572732,0.15994967508075747
13,"6,7,8,9","10,11,12",DQ2_MARKET_HGB,dq2_market_hgb_30m_l31_r20,DQ2_MARKET_HGB,0.9,0.09677917498595813,-1,settle,38,38,218.44686810981048,0.5748601792363432,0.3114814496736517,0.6842105263157895,40.10000000000002,2.8158509402311753,0.19410271642957028,81.41629698572933,61.1197893699368,72.81562270327014,2,3,True,10,10,2.4862935346128654,0.02486293534612863,0.3398423423423423,0.7,10.024999999999999,1.0826697767119822,0.018966922706745805
13,"6,7,8,9","10,11,12",DQ2_TWEAKS,tweak_outcome_epa_agreement,DQ2_TWEAK_AGREEMENT,0.7,1.1739727767266641,-1,settle,29,29,108.484460286522,0.37408434581559313,-1.0025,0.4482758620689655,95.61911764705883,1.6763370342052495,0.0573218963512078,74.46604604078576,13.549967154330858,36.161486762174,2,3,True,10,10,0.9530075187970013,0.009530075187969977,-1.0025,0.3,40.14999999999999,1.01358044202062,0.022451287968918515
13,"6,7,8,9","10,11,12",DQ2_EPA_HGB,dq2_process_hgb_l7_r5_surprise_ewm10,DQ2_EPA_HGB,0.9,0.5711406129019053,1,settle,41,41,134.65992688076116,0.32843884605063695,-1.0025,0.3902439024390244,91.34124892826915,1.537296466357152,0.023436805216226073,35.32596708917869,22.654630928018232,44.886642293587066,2,3,True,14,14,26.041971478375665,0.18601408198839767,-1.0025,0.35714285714285715,80.20000000000002,1.2886336545123376,-0.024040393403481988
13,"6,7,8,9","10,11,12",P11_GRID,p11_cvw0.5_k0_c0.07_tp11_cosine,P11_V2_GRID,0.9,0.7563330368376129,1,30m,17,12,83.59602781982767,0.49174134011663334,-0.19,0.47058823529411764,12.931720430107525,2.482439644961353,0.12770458103448556,26.388626251390445,22.837899783601888,27.86534260660923,3,3,True,0,0,0.0,,,,0.0,,
13,"6,7,8,9","10,11,12",P11_EXACT,p11_v2_exact,P11_V2_EXACT,0.9,0.7563330368376129,1,30m,17,12,83.59602781982767,0.49174134011663334,-0.19,0.47058823529411764,12.931720430107525,2.482439644961353,0.12770458103448556,26.388626251390445,22.837899783601888,27.86534260660923,3,3,True,0,0,0.0,,,,0.0,,
13,"6,7,8,9","10,11,12",CANONICAL_BASELINES,baseline_cumulative_epa,BASELINE,0.8,14.589270607568324,-1,30m,22,13,95.39585230289445,0.43361751046770214,-0.12192959001782544,0.45454545454545453,23.665040351805047,2.8104403434657703,0.05947248536934414,24.425992063492057,25.39858135926208,31.798617434298155,2,3,True,5,4,22.838933211611227,0.4567786642322247,-0.2589102564102565,0.4,5.580555555555556,2.8410796978035555,0.09691187562643085
13,"6,7,8,9","10,11,12",RECENCY_BASELINES,recent_net_yards_ewm20,RECENCY_BASELINE,0.7,3.1457569604272897,-1,settle,43,43,71.46281106740574,0.16619258387768782,0.18797619047619046,0.5581395348837209,51.65648148148148,1.375182102992024,0.10234534240510822,23.71835886057045,7.745944459624625,23.820937022468588,2,3,True,16,16,-114.27371249440213,-0.7142107030900133,-1.0025,0.1875,104.24871249440213,0.12316353351696029,-0.3229282045187737
13,"6,7,8,9","10,11,12",DQ2_WINPROB,dq2_winprob_market_only_c0.1,DQ2_WINPROB_RESIDUAL,0.9,0.16319517474959117,-1,settle,23,23,35.761808401691056,0.15548612348561325,0.2475,0.8695652173913043,16.14017216642754,2.189087561153485,0.132595283908136,14.090001359625681,7.5597407728257595,11.920602800563685,3,3,True,3,3,-5.505711610486889,-0.183523720349563,0.1210955056179776,0.6666666666666666,0.0,0.4508018343653975,-0.16786917966847495
13,"6,7,8,9","10,11,12",PRIOR_SQ_EPA,prior_sq_process_adjustment_ewm5,PRIOR_SQ_EPA,0.9,0.788165065140459,-1,30m,85,38,65.8496739551658,0.07747020465313627,0.03279411764705892,0.5176470588235295,32.57137289767706,1.4873730656494846,0.017080837468655817,-0.10804016921620452,10.801251745572564,21.949891318388605,2,3,True,39,15,61.715544444790154,0.1582449857558722,0.021596385542168754,0.5384615384615384,19.665608701435062,2.1716759734256943,0.06826683140509154
14,"6,7,8,9,10","11,12,13",DQ2_EPA_HGB,dq2_outcome_hgb_l7_r5_surprise_ewm5,DQ2_EPA_HGB,0.7,0.1476416999738668,1,settle,45,45,106.85536004811202,0.23745635566247117,0.2170121951219512,0.5333333333333333,51.281206866870846,1.5075661325168601,0.07951162370809124,59.86526886026526,16.565163410970072,35.618453349370675,2,3,True,14,14,37.901124386797726,0.2707223170485552,0.34909817351598166,0.5714285714285714,26.4013698630137,1.6301101311188317,0.11732340158697926
14,"6,7,8,9,10","11,12,13",RECENCY_BASELINES,recent_dq_play_ewm20,RECENCY_BASELINE,0.9,0.2877168891692016,1,settle,33,33,121.83251384448012,0.369189435892364,0.26332278481012644,0.6666666666666666,74.35198412698412,2.1048062919472237,0.12138544750008406,47.93508707027827,28.2188405936627,40.610837948160054,2,3,True,13,13,18.40970036726325,0.14161307974817883,0.40595070422535223,0.6153846153846154,20.049999999999997,1.3672758178007631,0.10316120669768283
14,"6,7,8,9,10","11,12,13",DQ2_TWEAKS,tweak_process_outcome_epa_ensemble,DQ2_TWEAK_ENSEMBLE,0.8,0.9158541345063291,1,settle,45,45,120.70660577023295,0.2682369017116288,0.17397058823529415,0.5555555555555556,59.72916849495397,1.60202795895378,0.11110789357555914,43.59063728231067,20.028101824457753,40.23553525674432,2,3,True,14,14,-35.97432839028582,-0.2569594885020416,-1.0025,0.35714285714285715,46.20336879432623,0.6012820350203842,-0.08629804421032881
14,"6,7,8,9,10","11,12,13",DQ2_MARKET_HGB,dq2_market_hgb_15m_l31_r20,DQ2_MARKET_HGB,0.7,0.04150177789496825,1,settle,43,43,62.77395015992107,0.1459859306044676,0.13386363636363646,0.5116279069767442,60.76334841628958,1.2981781268729184,0.06427442323152512,23.060888778328028,2.4432586505921066,20.924650053307037,2,3,True,14,14,-91.95411247367771,-0.6568150890976977,-1.0025,0.21428571428571427,90.42263099219622,0.16613817752275953,-0.19872772196084895
14,"6,7,8,9,10","11,12,13",CANONICAL_BASELINES,baseline_cumulative_epa,BASELINE,0.8,14.412759758532049,-1,30m,17,11,30.93301135568938,0.1819588903275846,-0.3101923076923077,0.4117647058823529,19.152380952380952,1.594399146594043,0.03575798752210071,20.04865543383345,4.385871510097513,10.311003785229788,2,3,True,13,8,-10.16322796981364,-0.07817867669087418,-0.0025,0.46153846153846156,26.22450980392157,0.6863526116535679,-0.005257274180750449
14,"6,7,8,9,10","11,12,13",PRIOR_SQ_EPA,prior_sq_process_adjustment_ewm5,PRIOR_SQ_EPA,0.8,0.628218750930896,-1,30m,120,41,62.217205194605526,0.05184767099550462,0.02065930388219545,0.5166666666666667,20.830103095375314,1.414450176262179,0.041534491171777065,18.302297761903237,10.642271388479239,20.739068398201848,2,3,True,45,13,-50.26554715358659,-0.11170121589685908,-0.16250000000000003,0.35555555555555557,70.22529813145651,0.6156599259581176,-0.018291376006559678
14,"6,7,8,9,10","11,12,13",P11_GRID,p11_cvw1_k0_c0.07_tp11_cosine,P11_V2_GRID,0.7,0.4969841824797334,-1,settle,35,35,46.06689708459457,0.13161970595598446,0.10861111111111116,0.7714285714285715,20.049999999999997,1.5744002130248698,0.057850442557886975,14.066270762778215,7.495134526033691,15.355632361531525,2,3,True,11,11,10.402019833759,0.09456381667053634,0.13386363636363646,0.8181818181818182,10.024999999999999,1.518803981733616,0.11772537853882889
14,"6,7,8,9,10","11,12,13",P11_EXACT,p11_v2_exact,P11_V2_EXACT,0.8,0.5741461803163885,-1,settle,28,28,24.896567690105492,0.0889163131789482,0.08458495805269989,0.7857142857142857,18.415828613367864,1.413908024773159,0.05325234757319899,6.053925017662369,2.380107857506021,8.298855896701832,2,3,True,9,9,-3.3733431433961734,-0.037481590482179694,0.08445652173913037,0.7777777777777778,19.322311827956987,0.8317534591822359,0.058887308778598366
14,"6,7,8,9,10","11,12,13",DQ2_WINPROB,dq2_winprob_market_plus_dq_c0.1,DQ2_WINPROB_RESIDUAL,0.9,0.1998081912657961,-1,settle,25,25,20.23669189244161,0.08094676756976643,0.3132894736842106,0.8,26.015492957746474,1.403724526532501,0.08249718538733593,4.903518938324468,0.8789594865352625,6.745563964147202,2,3,True,7,7,1.806455190410416,0.025806502720148807,0.3488513513513513,0.7142857142857143,10.024999999999999,1.0900975157311927,0.015463492399757592
15,"6,7,8,9,10,11","12,13,14",DQ2_TWEAKS,tweak_process_outcome_epa_ensemble,DQ2_TWEAK_ENSEMBLE,0.7,0.6932320895198422,1,settle,44,44,186.0714748591745,0.42288971558903293,0.25063283208020054,0.5681818181818182,50.12500000000003,1.9768813485190946,0.14347643209495134,70.02835294422984,45.17895315818638,62.02382495305818,2,3,True,16,16,82.17319048340723,0.513582440521295,0.07326633892423356,0.5625,40.04084107327141,2.1709752829840716,0.11167868984863008
15,"6,7,8,9,10,11","12,13,14",DQ2_EPA_HGB,dq2_outcome_hgb_l7_r5_surprise_ewm10,DQ2_EPA_HGB,0.8,0.1452639614050062,1,settle,43,43,121.06284864887368,0.28154150848575266,0.06132978723404253,0.5116279069767442,48.80692097630117,1.575052125157932,0.06491250318710329,61.285926933217446,24.064764400018962,40.35428288295788,2,3,True,15,15,12.550636455048242,0.08367090970032158,-1.0025,0.3333333333333333,50.56715686274509,1.125193381097738,-0.039881736842711776
15,"6,7,8,9,10,11","12,13,14",DQ2_MARKET_HGB,dq2_market_hgb_15m_l7_r5,DQ2_MARKET_HGB,0.7,0.027800736366552458,-1,settle,43,43,87.6936744549386,0.20393877780218278,0.38638888888888884,0.6976744186046512,40.28361249804015,1.6728845152882301,0.13789620580941866,39.32194001850212,19.44233752357114,29.231224818312864,2,3,True,14,14,77.2960673783011,0.552114766987865,0.15073435843054078,0.6428571428571429,49.280434782608694,2.5420661821107453,0.11138502663494165
15,"6,7,8,9,10,11","12,13,14",P11_GRID,p11_cvw1_k0_c0.07_tp11_cosine,P11_V2_GRID,0.8,0.6122355256487757,-1,settle,25,25,83.04677551885459,0.33218710207541835,0.14692528735632177,0.84,10.025000000000006,3.0709919082008628,0.13840005309440756,23.71759779312932,22.669758506284865,27.682258506284864,3,3,True,7,7,-15.184223496858245,-0.21691747852654633,0.05013157894736836,0.7142857142857143,16.18685507580561,0.24268211985744415,-0.14149235598784354
15,"6,7,8,9,10,11","12,13,14",DQ2_WINPROB,dq2_winprob_market_plus_dq_c0.1,DQ2_WINPROB_RESIDUAL,0.7,0.10591191119126728,1,settle,42,42,105.81817302044195,0.25194803100105223,-1.0025,0.47619047619047616,70.17499999999998,1.4797922150099379,0.1235321618360818,21.71190588380251,11.881057673480633,35.272724340147306,2,3,True,15,15,-37.6653817029586,-0.25110254468639076,-1.0025,0.3333333333333333,63.58878887070375,0.624285469297171,0.0054091102661043035
15,"6,7,8,9,10,11","12,13,14",P11_EXACT,p11_v2_exact,P11_V2_EXACT,0.7,0.4362021558940492,-1,settle,37,37,43.5400545252369,0.11767582304118082,0.08445652173913037,0.7567567567567568,39.64855833295765,1.48257195372942,0.06636390441503931,18.566201790737537,5.775944962398135,14.5133515084123,2,3,True,10,10,-24.062051404381673,-0.24062051404381676,0.05013157894736836,0.6,20.049999999999997,0.39994884278349935,-0.1694339729803594
15,"6,7,8,9,10,11","12,13,14",PRIOR_SQ_EPA,prior_sq_process_adjustment_ewm5,PRIOR_SQ_EPA,0.8,0.6314554173067062,-1,30m,128,40,26.397993006717975,0.020623432036498413,-0.0025,0.484375,89.00218009163436,1.1201088892484958,0.029193933551125678,18.302297761903237,-9.529998513496812,8.799331002239326,2,3,True,45,16,-47.368806476845734,-0.10526401439299049,-0.10506410256410265,0.4,61.652996869953135,0.5591347057372714,-0.014909863944634427
15,"6,7,8,9,10,11","12,13,14",RECENCY_BASELINES,recent_net_yards_ewm20,RECENCY_BASELINE,0.7,3.0972288063769664,1,settle,44,44,86.61656491808097,0.19685582935927493,0.3051923076923076,0.6136363636363636,63.57737251870814,1.5082386088782802,0.11136283493151286,13.500808737818652,12.60996492925306,28.872188306027,2,3,True,15,15,30.969210601135742,0.2064614040075716,0.072768817204301,0.6,19.322311827956987,1.5148663441585328,0.0351263298151394
15,"6,7,8,9,10,11","12,13,14",CANONICAL_BASELINES,baseline_cumulative_epa,BASELINE,0.7,10.276873787678777,1,settle,30,30,15.922916669506632,0.05307638889835542,0.08445652173913037,0.8333333333333334,19.322311827956987,1.3176641729577383,0.049411914051363394,12.118345799459462,-1.2544130814906194,5.307638889835544,2,3,True,12,12,-24.99249575068699,-0.20827079792239164,0.05013157894736836,0.5833333333333334,40.166033762382895,0.5013965935025038,-0.1513749807412181
16,"6,7,8,9,10,11,12","13,14,15",DQ2_TWEAKS,tweak_process_epa_ensemble,DQ2_TWEAK_ENSEMBLE,0.7,0.7175765669841186,1,settle,46,46,231.3401032715961,0.5029132679817305,0.07886544306757065,0.5869565217391305,52.62878584373712,2.2145431330704612,0.09616439869198048,85.32930153781547,61.810998678108284,77.1133677571987,2,3,True,16,16,39.96235559169847,0.24976472244811546,0.5126515151515152,0.625,32.10028735632183,1.6643783140764503,0.12649860999007992
16,"6,7,8,9,10,11,12","13,14,15",DQ2_EPA_HGB,dq2_process_hgb_l7_r5_surprise_ewm10,DQ2_EPA_HGB,0.7,0.33300575340364436,1,settle,46,46,141.92232503008069,0.3085267935436536,-1.0025,0.43478260869565216,157.0494769889735,1.5444938616155024,0.06846485650931708,83.71891644292201,17.072229801847524,47.30744167669355,2,3,True,16,16,-0.18915955981667132,-0.0011822472488542124,-0.3268243243243243,0.5,39.84788495391942,0.9976414019972983,0.03657560503282412
16,"6,7,8,9,10,11,12","13,14,15",DQ2_MARKET_HGB,dq2_market_hgb_15m_l7_r5,DQ2_MARKET_HGB,0.7,0.025854326383961027,-1,settle,43,43,137.56496089708975,0.31991851371416224,0.38638888888888884,0.6976744186046512,49.28043478260871,2.0555531240904643,0.12225387608939978,54.679629395041275,30.436404857564394,45.85498696569658,2,3,True,16,16,7.374499753461327,0.04609062345913331,-0.39274390243902435,0.5,50.12499999999999,1.091951368497024,-0.011137421695998968
16,"6,7,8,9,10,11,12","13,14,15",PRIOR_SQ_EPA,prior_sq_process_adjustment_ewm5,PRIOR_SQ_EPA,0.8,0.631575764397368,1,settle,45,45,87.87594384818023,0.1952798752181783,0.17397058823529415,0.6888888888888889,25.607246376811588,1.626120013168366,0.061158673992583436,30.797771221150274,20.00327355325815,29.29198128272675,2,3,True,12,12,-1.4141937117097587,-0.01178494759758133,0.2666570881226053,0.6666666666666666,20.049999999999997,0.9647333238975123,0.016291750603009303
16,"6,7,8,9,10,11,12","13,14,15",DQ2_WINPROB,dq2_winprob_market_plus_dq_c0.1,DQ2_WINPROB_RESIDUAL,0.7,0.10834464774429027,1,settle,42,42,115.86253385391748,0.27586317584266057,-0.3175684931506849,0.5,65.04848484848489,1.5503504754965796,0.1437262362529586,21.71190588380251,17.997713139521846,38.62084461797247,2,3,True,16,16,-27.685495758587102,-0.17303434849116944,-1.0025,0.375,49.34056111806424,0.7238354537796796,-0.04433524913077626
16,"6,7,8,9,10,11,12","13,14,15",RECENCY_BASELINES,recent_net_yards_ewm20,RECENCY_BASELINE,0.7,3.0663299080446405,1,settle,45,45,188.392635217412,0.41865030048313784,0.40595070422535223,0.6888888888888889,25.224626865671667,2.3423059153360315,0.16955532591482544,21.30805468715725,53.91116514415526,62.797545072470676,3,3,True,16,16,-55.8315446207485,-0.34894715387967823,-1.0025,0.375,60.14999999999999,0.4430768616384188,-0.1383679666545743
16,"6,7,8,9,10,11,12","13,14,15",CANONICAL_BASELINES,baseline_cumulative_epa,BASELINE,0.7,9.93881911933422,1,settle,36,36,29.00038607919006,0.0805566279977502,0.13386363636363646,0.8055555555555556,40.099999999999994,1.4132580844914868,0.05139447372764949,19.896123577237237,-0.35820464026997695,9.66679535973002,2,3,True,11,11,6.689379445630223,0.060812540414820225,0.18797619047619046,0.8181818181818182,10.024999999999999,1.333634885068839,0.0988971135544004
16,"6,7,8,9,10,11,12","13,14,15",P11_GRID,p11_cvw0.5_k0_c0.07_tp11_cosine,P11_V2_GRID,0.7,0.43583609213715274,-1,settle,34,34,40.55241718197193,0.11927181524109397,0.10916007905138342,0.7352941176470589,31.62033066417498,1.449458766217478,0.0380642297154183,18.566201790737537,6.760446250199801,13.517472393990644,2,3,True,9,9,-18.994953689873473,-0.21105504099859415,0.05013157894736836,0.5555555555555556,28.47209302325581,0.5263103817986664,-0.08290346639553753
16,"6,7,8,9,10,11,12","13,14,15",P11_EXACT,p11_v2_exact,P11_V2_EXACT,0.7,0.43583609213715274,-1,settle,34,34,40.55241718197193,0.11927181524109397,0.10916007905138342,0.7352941176470589,31.62033066417498,1.449458766217478,0.0380642297154183,18.566201790737537,6.760446250199801,13.517472393990644,2,3,True,9,9,-18.994953689873473,-0.21105504099859415,0.05013157894736836,0.5555555555555556,28.47209302325581,0.5263103817986664,-0.08290346639553753
17,"6,7,8,9,10,11,12,13","14,15,16",DQ2_TWEAKS,tweak_outcome_epa_agreement,DQ2_TWEAK_AGREEMENT,0.7,1.0150929050684094,-1,settle,39,39,161.3749231363188,0.4137818541956892,-1.0025,0.358974358974359,113.08362068965519,1.64388996762621,0.03529142867408184,98.99504594999993,23.248537597163722,53.79164104543958,2,3,True,12,12,-49.049999999999976,-0.4087499999999998,-1.0025,0.16666666666666666,70.17499999999998,0.5107231920199502,-0.08545629845713659
17,"6,7,8,9,10,11,12,13","14,15,16",DQ2_MARKET_HGB,dq2_market_hgb_15m_l7_r5,DQ2_MARKET_HGB,0.7,0.024391230756409983,-1,settle,44,44,147.87698811527417,0.33608406389835055,0.3696804511278196,0.6590909090909091,50.12500000000003,1.9833881171423053,0.11230866571903385,53.77806356827887,30.9131627050914,49.292329371758065,2,3,True,15,15,-3.608884209848714,-0.02405922806565813,0.16029069767441867,0.5333333333333333,30.074999999999996,0.9485730785913971,-0.02698443607489401
17,"6,7,8,9,10,11,12,13","14,15,16",RECENCY_BASELINES,recent_epa_ewm20,RECENCY_BASELINE,0.7,0.3115432942582665,-1,settle,45,45,227.87607595230196,0.5063912798940043,0.6368442622950821,0.6222222222222222,50.12499999999999,2.3371047437424206,0.2045317262334034,47.13887902273011,60.921191984100666,75.95869198410067,3,3,True,16,16,53.12463809514938,0.3320289880946837,-1.0025,0.4375,41.96818181818181,1.5888017522321904,0.073277241926808
17,"6,7,8,9,10,11,12,13","14,15,16",PRIOR_SQ_EPA,prior_sq_process_adjustment_ewm5,PRIOR_SQ_EPA,0.8,0.6436769486246514,1,settle,41,41,81.35830877189963,0.1984348994436576,0.20231927710843384,0.7317073170731707,20.049999999999997,1.7377765474667843,0.07885633753994663,30.797771221150274,18.75693625729988,27.11943625729988,2,3,True,16,16,-2.0400960280703977,-0.012750600175440038,0.1539171122994653,0.625,25.09628559845951,0.9660831915532767,-0.007088797106981418
17,"6,7,8,9,10,11,12,13","14,15,16",P11_GRID,p11_cvw0.5_k3_c0.1_telapsed_sqrt,P11_V2_GRID,0.7,4.08589196929502,1,settle,36,36,72.40088244319705,0.20111356234221395,-1.0025,0.4444444444444444,71.3769596384603,1.3611016580708082,0.092499622991749,30.381456740012368,5.190290121967441,24.133627481065663,2,3,True,13,13,-11.306982156792095,-0.08697678582147769,-1.0025,0.46153846153846156,33.029504914452126,0.8388744972313203,-0.00045092587934507486
17,"6,7,8,9,10,11,12,13","14,15,16",DQ2_WINPROB,dq2_winprob_market_only_c0.1,DQ2_WINPROB_RESIDUAL,0.9,0.13775754411386815,-1,settle,17,17,54.75029877491087,0.3220605810288874,0.38638888888888884,0.8235294117647058,14.16291834002677,2.8204588121333614,0.16438516218090057,28.522742119855238,15.889613201632493,18.250099591636953,2,3,True,4,4,-5.027536231884057,-0.12568840579710144,-0.3358333333333333,0.5,10.024999999999999,0.749250063247678,-0.11743088646038116
17,"6,7,8,9,10,11,12,13","14,15,16",DQ2_EPA_HGB,dq2_outcome_hgb_l7_r5_surprise_ewm5,DQ2_EPA_HGB,0.7,0.14315135567507756,1,settle,46,46,57.23742859268167,0.1244291925927863,0.06704930221917177,0.5217391304347826,86.77017070979339,1.2595213266501093,0.04330356039408411,27.69386050792247,-2.927434652624266,19.079142864227226,2,3,True,16,16,-4.959260870022529,-0.0309953804376408,-1.0025,0.3125,70.17499999999998,0.9550282396733389,-0.041341321026873296
17,"6,7,8,9,10,11,12,13","14,15,16",CANONICAL_BASELINES,baseline_net_yards_007,BASELINE,0.7,3.9500000000000006,1,settle,33,33,75.98947003830881,0.23027112132820848,-1.0025,0.3939393939393939,59.44145690312737,1.3789998505651313,0.06785285741693078,13.93053520354446,8.920599047433562,25.32982334610294,2,3,True,13,13,-24.41662612657332,-0.18782020097364102,-1.0025,0.38461538461538464,35.19962686567164,0.6955532901923525,-0.0515187172565572
17,"6,7,8,9,10,11,12,13","14,15,16",P11_EXACT,p11_v2_exact,P11_V2_EXACT,0.7,0.42513461109709133,1,30m,58,29,20.441917355020486,0.03524468509486288,-0.1992741935483871,0.43103448275862066,65.82487643169242,1.1268965451154538,0.008949993872878191,1.4383143263325522,-13.092871848689418,6.813972451673493,2,3,True,17,11,-37.62834679529129,-0.22134321644289004,-0.11938311688311681,0.4117647058823529,40.832315049259556,0.3321221936346325,-0.05631584356158366
18,"6,7,8,9,10,11,12,13,14","15,16,17",DQ2_TWEAKS,tweak_outcome_epa_agreement,DQ2_TWEAK_AGREEMENT,0.7,1.0305053287163066,-1,settle,37,37,214.60021049264063,0.5800005688990286,-1.0025,0.3783783783783784,117.52209302325576,1.9307175994476449,0.07538865057031027,98.99504594999993,46.47090349754688,71.53340349754687,2,3,True,10,10,12.367505915979642,0.12367505915979642,-0.4343181818181817,0.5,21.5699843260188,1.2467332851068258,0.07469321946824037
18,"6,7,8,9,10,11,12,13,14","15,16,17",RECENCY_BASELINES,recent_epa_ewm20,RECENCY_BASELINE,0.8,0.3923760063957135,-1,settle,47,47,238.12160962457284,0.506641722605474,0.3488513513513513,0.574468085106383,31.94318181818184,2.1876389507459986,0.17000724147818214,50.90116747106953,65.69583957182732,79.37386987485762,3,3,True,16,16,-0.6622139316683047,-0.004138837072926949,-1.0025,0.4375,39.385585064082,0.9926604163849454,0.05156229126386962
18,"6,7,8,9,10,11,12,13,14","15,16,17",PRIOR_SQ_EPA,prior_sq_process_adjustment_ewm5,PRIOR_SQ_EPA,0.9,0.8968908558521629,1,settle,41,41,81.88503942465599,0.19971960835281946,0.09640109890109877,0.7073170731707317,58.054496995541754,1.6806736444277302,0.03685067886177549,42.76913312251828,15.131701453240312,27.295013141552,2,3,True,12,12,-54.472279333569645,-0.4539356611130804,-1.0025,0.4166666666666667,47.64996750561266,0.22376516802893262,-0.20771090269267353
18,"6,7,8,9,10,11,12,13,14","15,16,17",DQ2_MARKET_HGB,dq2_market_hgb_30m_l7_r5,DQ2_MARKET_HGB,0.7,0.03813747142590215,1,settle,43,43,167.70742644645273,0.39001727080570403,0.4260714285714286,0.5581395348837209,32.581140350877185,1.8804694917782006,0.17044272417236345,42.58988356369947,45.877475482150906,55.9024754821509,2,3,True,14,14,-34.980874228057615,-0.2498633873432688,-1.0025,0.35714285714285715,71.4070754716981,0.6122928874695746,-0.04314626848159882
18,"6,7,8,9,10,11,12,13,14","15,16,17",DQ2_EPA_HGB,dq2_outcome_hgb_l15_r10_surprise_ewm5,DQ2_EPA_HGB,0.9,0.26522569831720605,1,settle,42,42,188.37720548268544,0.44851715591115576,0.3317821561999644,0.5238095238095238,56.61812341098059,1.9395371844522968,0.0834785205545732,33.5327335641589,46.105352950772065,62.79240182756183,3,3,True,14,14,16.174100749251,0.11552929106607854,-0.46486559139784944,0.5,49.39731182795698,1.230482376191678,0.06809235861247973
18,"6,7,8,9,10,11,12,13,14","15,16,17",DQ2_WINPROB,dq2_winprob_market_only_c0.1,DQ2_WINPROB_RESIDUAL,0.9,0.13388610927125982,-1,settle,15,15,70.63464449763453,0.4708976299842302,0.4900373134328357,0.8666666666666667,10.024999999999999,4.522924912600225,0.23489616690761697,28.522742119855238,21.87404816587817,23.544881499211503,3,3,True,4,4,-2.0644418536869718,-0.051611046342174324,0.2143464004663363,0.75,10.024999999999999,0.7940706380362123,0.0044953304883925405
18,"6,7,8,9,10,11,12,13,14","15,16,17",P11_GRID,p11_cvw0.5_k3_c0.1_tp11_cosine,P11_V2_GRID,0.7,0.41676611342190967,1,settle,38,38,233.92996823334494,0.615605179561434,-0.39274390243902435,0.5,36.96710526315792,2.228140009100118,0.10032474277141927,25.581417326709186,64.11757192537294,77.97665607778164,2,3,True,10,10,-9.091064990882384,-0.09091064990882383,-1.0025,0.4,50.124999999999986,0.8488600999022047,0.09401866371504904
18,"6,7,8,9,10,11,12,13,14","15,16,17",CANONICAL_BASELINES,baseline_net_yards_007,BASELINE,0.7,3.965,1,settle,35,35,118.65510789539513,0.33901459398684325,-1.0025,0.45714285714285713,47.16298701298703,1.6229432098458858,0.10128086327020468,13.268291561214685,27.919104094088606,39.55170263179838,2,3,True,10,10,-54.074626865671625,-0.5407462686567163,-1.0025,0.2,65.27462686567162,0.32575278222354564,-0.09411753305565361
18,"6,7,8,9,10,11,12,13,14","15,16,17",P11_EXACT,p11_v2_exact,P11_V2_EXACT,0.7,0.4283701943311831,1,30m,52,30,37.90094699142163,0.0728864365219646,0.0014522058823529006,0.5,40.83231504925956,1.2701603681578049,0.01958534242752694,1.4383143263325522,-3.107768406150226,12.63364899714054,2,3,True,14,8,30.730873983333,0.21950624273809285,0.185,0.5714285714285714,3.0249999999999986,4.488048371993974,0.052620604474196885
19,"6,7,8,9,10,11,12,13,14,15","16,17,18",DQ2_TWEAKS,tweak_market_uncertainty_scaled,DQ2_TWEAK_PRICE_AWARE,0.8,0.6920977412216365,1,settle,42,42,160.22846779271364,0.3814963518874134,0.5603815628815628,0.6190476190476191,37.92387323078812,1.998930597211432,0.15389480560368812,44.429535076791126,43.474176786106256,53.40948926423787,3,3,True,6,6,18.8787015615963,0.314645026026605,0.6716071428571428,0.6666666666666666,20.049999999999997,1.9415811252666486,0.1589949425275516
19,"6,7,8,9,10,11,12,13,14,15","16,17,18",RECENCY_BASELINES,recent_epa_ewm20,RECENCY_BASELINE,0.8,0.3958451723531418,-1,settle,48,48,118.94414719010618,0.24780030664605449,-1.0025,0.4791666666666667,49.41058506408203,1.474590113476733,0.09998904932242995,42.70860274161403,24.41825458299142,39.64804906336872,2,3,True,6,6,41.80109415841565,0.696684902640261,0.7298775388291517,0.8333333333333334,10.024999999999999,5.16968520283448,0.2865537528519356
19,"6,7,8,9,10,11,12,13,14,15","16,17,18",DQ2_MARKET_HGB,dq2_market_hgb_15m_l31_r20,DQ2_MARKET_HGB,0.8,0.043050975368473375,1,settle,42,42,45.64524750775,0.10867916073273809,-1.0025,0.47619047619047616,90.22500000000004,1.2069609952743137,0.04759270296649594,41.65594775702347,-9.847417497416666,15.215082502583329,2,3,True,6,6,55.329646140023506,0.9221607690003916,0.9024346879535557,0.8333333333333334,10.024999999999999,6.5191666972592035,0.3719821247274809
19,"6,7,8,9,10,11,12,13,14,15","16,17,18",DQ2_EPA_HGB,dq2_process_hgb_l15_r10_surprise_ewm10,DQ2_EPA_HGB,0.9,0.5489619766398419,1,30m,77,38,125.47037135635274,0.1629485342290295,0.03750000000000003,0.5454545454545454,21.986889933768992,2.2487224145192246,0.04035575442306814,38.24035832502346,33.08210133395144,41.82345711878424,3,3,True,9,5,-2.4084369879000933,-0.026760410976667686,-0.10666666666666663,0.3333333333333333,4.127720787829052,0.8205524761412673,-0.02762218407963968
19,"6,7,8,9,10,11,12,13,14,15","16,17,18",PRIOR_SQ_EPA,prior_sq_process_adjustment_ewm5,PRIOR_SQ_EPA,0.8,0.6743238659255351,-1,30m,102,40,170.4940889825387,0.16715106762993998,0.0100931539724643,0.5,41.218082080115536,1.9915733183808058,0.03510114990870205,37.85697115424224,42.65429060079601,56.83136299417958,3,3,True,14,6,3.0234891205480814,0.02159635086105773,0.05237249544626604,0.5714285714285714,10.591987069928113,1.154670447819931,0.013695936942961276
19,"6,7,8,9,10,11,12,13,14,15","16,17,18",P11_GRID,p11_cvw0.5_k0_c0.07_tp11_cosine,P11_V2_GRID,0.7,0.42855636380211865,1,30m,48,28,47.659309022003086,0.09929022712917307,0.06178571428571439,0.5416666666666666,41.17477536671987,1.548018391663122,0.03171688248648407,29.218373983333002,6.152251479516591,15.886436340667695,2,3,True,6,3,1.3745310245310276,0.02290885040885045,0.03285353535353536,0.6666666666666666,8.14642857142857,1.143929950212673,0.003905903388251631
19,"6,7,8,9,10,11,12,13,14,15","16,17,18",P11_EXACT,p11_v2_exact,P11_V2_EXACT,0.7,0.42855636380211865,1,30m,48,28,47.659309022003086,0.09929022712917307,0.06178571428571439,0.5416666666666666,41.17477536671987,1.548018391663122,0.03171688248648407,29.218373983333002,6.152251479516591,15.886436340667695,2,3,True,6,3,1.3745310245310276,0.02290885040885045,0.03285353535353536,0.6666666666666666,8.14642857142857,1.143929950212673,0.003905903388251631
19,"6,7,8,9,10,11,12,13,14,15","16,17,18",DQ2_WINPROB,dq2_winprob_market_plus_dq_c0.1,DQ2_WINPROB_RESIDUAL,0.7,0.09539646050576181,1,settle,46,46,55.56880500035679,0.12080175000077553,-1.0025,0.43478260869565216,55.19999999999999,1.213193190103038,0.07461923847366557,12.880808214348697,-7.762654015053934,18.52293500011893,2,3,True,6,6,-18.191958041958035,-0.3031993006993006,-1.0025,0.3333333333333333,20.049999999999997,0.5463352109237397,-0.11841523897999023
19,"6,7,8,9,10,11,12,13,14,15","16,17,18",CANONICAL_BASELINES,baseline_net_yards_007,BASELINE,0.7,3.955,1,30m,55,32,38.58078426097694,0.07014688047450353,0.012651515151515138,0.509090909090909,40.10744496920864,1.3746792069659528,0.02869023063317522,10.651615883382366,2.663875387001749,12.860261420325642,2,3,True,10,5,95.21472217341633,0.9521472217341636,0.33637218045112777,0.8,1.6916666666666664,48.83122870966438,0.15838441630234446
20,"6,7,8,9,10,11,12,13,14,15,16","17,18,19",DQ2_EPA_HGB,dq2_process_hgb_l7_r5_surprise_ewm10,DQ2_EPA_HGB,0.9,0.557340673930162,1,settle,31,31,118.00896341606855,0.380674075535705,-1.0025,0.41935483870967744,73.37841474445949,1.6539704262458772,0.0805024118880568,45.958852519502415,22.064098916467305,39.336321138689534,2,3,True,3,3,-30.074999999999996,-1.0025,-1.0025,0.0,20.049999999999997,0.0,-0.2731099886871589
20,"6,7,8,9,10,11,12,13,14,15,16","17,18,19",RECENCY_BASELINES,recent_epa_ewm20,RECENCY_BASELINE,0.8,0.39592282065587814,-1,settle,38,38,99.8190738774523,0.2626817733617165,-0.4705851063829787,0.5,49.410585064082,1.5240534131904568,0.10730530881300089,36.78859415841565,19.714063478773458,33.27302462581743,2,3,True,3,3,-30.074999999999996,-1.0025,-1.0025,0.0,20.049999999999997,0.0,-0.26550937168245964
20,"6,7,8,9,10,11,12,13,14,15,16","17,18,19",DQ2_TWEAKS,tweak_process_outcome_agreement,DQ2_TWEAK_AGREEMENT,0.8,1.5186218012795416,1,30m,77,34,102.40787535115356,0.1329972407157839,-0.0025,0.4935064935064935,39.00609264317962,1.7771529332579137,0.02348261594887684,36.21083609838628,24.051667124780764,34.13595845038453,3,3,True,7,3,-16.030489938610355,-0.2290069991230051,-0.31957317073170727,0.2857142857142857,16.745596890482012,0.12910717034294328,-0.06527573041884398
20,"6,7,8,9,10,11,12,13,14,15,16","17,18,19",PRIOR_SQ_EPA,prior_sq_process_adjustment_ewm5,PRIOR_SQ_EPA,0.8,0.6691129173820741,-1,30m,81,34,100.35237324274283,0.12389181881820102,0.04295454545454541,0.5555555555555556,41.21808208011548,1.9136470440536646,0.03437257216192031,35.990889276599184,23.858452005475147,33.45079108091428,3,3,True,10,3,-6.7748393618143385,-0.06774839361814337,-0.09084586466165417,0.4,9.260539531210158,0.48122158044586294,-0.031526045238739774
20,"6,7,8,9,10,11,12,13,14,15,16","17,18,19",CANONICAL_BASELINES,baseline_net_yards_007,BASELINE,0.7,3.8150000000000004,1,30m,45,26,97.96173071652557,0.2176927349256123,0.029246031746031857,0.5333333333333333,34.86293850101795,2.4752988920575905,0.039227863082547464,31.507700539467024,25.576950103646116,32.65391023884184,2,3,True,9,3,4.725718725718725,0.05250798584131923,0.16416666666666674,0.5555555555555556,22.16923076923077,1.195728692741835,0.04290424066029349
20,"6,7,8,9,10,11,12,13,14,15,16","17,18,19",P11_GRID,p11_cvw0_k0_c0.07_tp11_cosine,P11_V2_GRID,0.7,0.3850629348755287,1,30m,45,26,97.40339738319223,0.2164519941848716,0.029246031746031857,0.5333333333333333,35.42127183435129,2.4546589589704504,0.03822745514236577,31.507700539467024,25.297783436979454,32.467799127730736,2,3,True,9,3,4.725718725718725,0.05250798584131923,0.16416666666666674,0.5555555555555556,22.16923076923077,1.195728692741835,0.04290424066029349
20,"6,7,8,9,10,11,12,13,14,15,16","17,18,19",DQ2_MARKET_HGB,dq2_market_hgb_15m_l15_r10,DQ2_MARKET_HGB,0.8,0.03618742227769275,-1,settle,32,32,33.05078326483586,0.10328369770261203,0.21773809523809523,0.625,60.150000000000006,1.274736352991154,0.06354186231443328,26.011784317095316,-0.6789055783880494,11.01692775494528,2,3,True,2,2,10.902380952380954,0.5451190476190477,0.5451190476190477,1.0,0.0,,0.3622801010645499
20,"6,7,8,9,10,11,12,13,14,15,16","17,18,19",DQ2_WINPROB,dq2_winprob_market_only_c0.1,DQ2_WINPROB_RESIDUAL,0.8,0.09556614703366319,1,settle,31,31,92.31064338457197,0.29777626898249027,-1.0025,0.4838709677419355,50.12500000000001,1.5755027642429675,0.1637024670672324,19.31524390243903,16.707383773693305,30.770214461523988,3,3,True,2,2,-4.665384615384615,-0.23326923076923078,-0.23326923076923078,0.5,10.024999999999999,0.5346249760214847,0.05386860296730922
20,"6,7,8,9,10,11,12,13,14,15,16","17,18,19",P11_EXACT,p11_v2_exact,P11_V2_EXACT,0.7,0.4128067956090857,1,15m,60,23,63.16729476919352,0.1052788246153225,-0.0025,0.48333333333333334,27.280050259396717,1.6073415816311203,0.014675808195450694,14.781969980549068,12.584752013800179,21.0557649230645,2,3,True,10,3,2.376398601398602,0.02376398601398604,-0.07942307692307693,0.3,20.721678321678322,1.109861955256692,0.037502932453108234
21,"6,7,8,9,10,11,12,13,14,15,16,17","18,19,20",DQ2_EPA_HGB,dq2_process_hgb_l7_r5_surprise_ewm10,DQ2_EPA_HGB,0.9,0.5523955883081496,1,settle,21,21,121.21237816052806,0.5772018007644194,-1.0025,0.42857142857142855,40.099999999999994,2.0075841908605825,0.133627608719896,45.958852519502415,28.708292720176033,40.404126053509366,2,3,True,1,1,-10.024999999999999,-1.0025,-1.0025,0.0,0.0,0.0,-0.3295895178920723
21,"6,7,8,9,10,11,12,13,14,15,16,17","18,19,20",CANONICAL_BASELINES,baseline_net_yards_007,BASELINE,0.7,3.8800000000000003,1,30m,32,16,129.67947974187456,0.405248374193358,0.18083333333333335,0.59375,22.169230769230808,4.444307634578426,0.07998700611007967,29.81176164229862,38.60135325318601,43.22649324729152,3,3,True,2,2,-3.5635135135135143,-0.17817567567567572,-0.17817567567567572,0.0,1.6466216216216218,0.0,-0.05093194721753044
21,"6,7,8,9,10,11,12,13,14,15,16,17","18,19,20",P11_GRID,p11_cvw0_k0_c0.07_tp11_cosine,P11_V2_GRID,0.7,0.3904027097230127,1,30m,32,16,129.67947974187456,0.405248374193358,0.18083333333333335,0.59375,22.169230769230808,4.444307634578426,0.07998700611007967,29.81176164229862,38.60135325318601,43.22649324729152,3,3,True,2,2,-3.5635135135135143,-0.17817567567567572,-0.17817567567567572,0.0,1.6466216216216218,0.0,-0.05093194721753044
21,"6,7,8,9,10,11,12,13,14,15,16,17","18,19,20",DQ2_TWEAKS,tweak_process_outcome_epa_ensemble,DQ2_TWEAK_ENSEMBLE,0.8,0.8546831456321493,1,settle,24,24,56.66139284995912,0.23608913687482969,-0.46486559139784944,0.5,40.100000000000016,1.471000771820109,0.06556856524617545,25.778535912572917,10.075918416999647,18.887130949986375,2,3,True,2,2,19.078829826504247,0.9539414913252123,0.9539414913252123,1.0,0.0,,0.4746842539753228
21,"6,7,8,9,10,11,12,13,14,15,16,17","18,19,20",DQ2_MARKET_HGB,dq2_market_hgb_15m_l31_r20,DQ2_MARKET_HGB,0.7,0.031443007453006,1,30m,67,23,66.61586245966248,0.09942666038755599,-0.0025,0.43283582089552236,40.2497437026076,1.6706478888705276,0.03134529057019741,19.268987788036107,12.175797037366912,22.20528748655416,3,3,True,5,2,3.8777412280701764,0.07755482456140352,0.013125,0.6,6.716666666666665,1.5773312002089594,0.041013866084686365
21,"6,7,8,9,10,11,12,13,14,15,16,17","18,19,20",P11_EXACT,p11_v2_exact,P11_V2_EXACT,0.7,0.41377284753608495,1,15m,41,14,68.00266727640441,0.16586016408879123,-0.018893442622950837,0.3902439024390244,20.721678321678304,2.054366443038462,0.03577663234730677,14.781969980549068,15.28960483915688,22.66755575880147,3,3,True,2,1,-2.0820320320320316,-0.10410160160160159,-0.10410160160160159,0.5,0.0,0.4116082857728839,-0.024931109248868752
21,"6,7,8,9,10,11,12,13,14,15,16,17","18,19,20",PRIOR_SQ_EPA,prior_sq_process_adjustment_ewm5,PRIOR_SQ_EPA,0.9,0.8911289729426104,-1,settle,21,21,62.30442158569362,0.29668772183663633,-1.0025,0.47619047619047616,40.10000000000001,1.5649913542116853,0.11898741515170878,10.459058704453446,6.859677603164497,20.76814052856454,2,3,True,2,2,14.332284382284382,0.7166142191142191,0.7166142191142191,1.0,0.0,,0.4111809994115914
21,"6,7,8,9,10,11,12,13,14,15,16,17","18,19,20",DQ2_WINPROB,dq2_winprob_market_only_c0.1,DQ2_WINPROB_RESIDUAL,0.9,0.12355770589199531,-1,15m,15,8,15.344092568585049,0.10229395045723369,0.09125,0.6666666666666666,0.8186507936507939,8.647375363432037,0.0788447454369104,5.033333333333335,4.978255723919884,5.114697522861683,3,3,True,4,1,-1.4736263736263746,-0.03684065934065939,-0.07118131868131877,0.5,2.5249999999999995,0.6557566422795531,-0.004128947001506192
21,"6,7,8,9,10,11,12,13,14,15,16,17","18,19,20",RECENCY_BASELINES,recent_epa_ewm20,RECENCY_BASELINE,0.9,0.5091464026832052,1,settle,23,23,-0.9623692050877537,-0.004184213935164163,0.13386363636363646,0.6521739130434783,48.54769113864858,0.988000383976462,0.0010443447748530407,-0.2847269868496234,-8.41207159147068,-0.32078973502925123,2,3,True,1,1,4.680882352941175,0.4680882352941175,0.4680882352941175,1.0,0.0,,0.3224802314967624
22,"6,7,8,9,10,11,12,13,14,15,16,17,18","19,20,21",DQ2_TWEAKS,tweak_process_epa_ensemble,DQ2_TWEAK_ENSEMBLE,0.7,0.7041084693950344,-1,15m,53,11,47.59373963124018,0.08979950873818904,-0.0025,0.4716981132075472,21.917746470043753,1.5882570888119372,0.008160938684746585,24.02949917592509,7.289013240031104,15.864579877080061,2,3,True,3,1,-7.505301483309225,-0.2501767161103075,0.011198630136986356,0.6666666666666666,7.882142857142858,0.04780950823444369,-0.012533256314714109
22,"6,7,8,9,10,11,12,13,14,15,16,17,18","19,20,21",CANONICAL_BASELINES,baseline_cumulative_epa,BASELINE,0.7,10.049884283542633,-1,15m,29,8,62.579985437041245,0.21579305323117673,-0.0025,0.4827586206896552,14.324627126771311,2.0486533049069,0.03445242239088596,23.16303882287926,16.193390624551864,20.85999514568042,3,3,True,3,1,-17.64423076923077,-0.5881410256410257,-0.8025,0.0,16.85,0.0,-0.04139574110337252
22,"6,7,8,9,10,11,12,13,14,15,16,17,18","19,20,21",DQ2_MARKET_HGB,dq2_market_hgb_15m_l31_r20,DQ2_MARKET_HGB,0.7,0.03038887670265686,1,30m,35,11,87.102808781659,0.24886516794759714,0.0156818181818183,0.5142857142857142,14.136271023771023,3.529440075001364,0.08043237195147493,19.268987788036107,25.343184554415142,29.034269593886336,3,3,True,2,1,-2.2558823529411773,-0.11279411764705888,-0.11279411764705888,0.5,2.525,0.10658124635992972,-0.004054611792090768
22,"6,7,8,9,10,11,12,13,14,15,16,17,18","19,20,21",RECENCY_BASELINES,recent_dq_play_ewm20,RECENCY_BASELINE,0.7,0.18728617393529592,-1,15m,45,11,-11.120263401174284,-0.02471169644705397,-0.02750000000000002,0.4222222222222222,28.56361733082003,0.8280347162138134,0.008868616063621316,9.012425337148994,-10.122802128932644,-3.706754467058096,2,3,True,3,1,-0.7514705882352942,-0.025049019607843132,-0.03583333333333333,0.3333333333333333,0.3583333333333334,0.5182275298554373,-0.0021740808425116756
22,"6,7,8,9,10,11,12,13,14,15,16,17,18","19,20,21",DQ2_EPA_HGB,dq2_outcome_hgb_l7_r5_surprise_ewm5,DQ2_EPA_HGB,0.7,0.14008264686510147,1,15m,76,11,49.506734167931334,0.06514043969464649,-0.0025,0.47368421052631576,14.672638939620143,1.571434753147912,0.026172603298723174,8.919584772469522,11.535328483812428,16.50224472264378,2,3,True,6,1,-9.305500442999111,-0.1550916740499852,-0.13028904665314406,0.16666666666666666,8.373147501822638,0.0281074027734086,-0.022882969125516867
22,"6,7,8,9,10,11,12,13,14,15,16,17,18","19,20,21",PRIOR_SQ_EPA,prior_sq_process_adjustment_ewm5,PRIOR_SQ_EPA,0.7,0.5323631246649109,-1,30m,38,11,36.321734904305465,0.09558351290606702,0.09401162790697676,0.6052631578947368,17.26542578747637,1.8456835016473359,0.045479577844718296,6.906761827633325,6.353673186528959,12.107244968101819,3,3,True,4,1,-1.6372670807453382,-0.040931677018633456,-0.08039855072463759,0.25,2.3119047619047617,0.4652149655953618,0.013251554252149446
22,"6,7,8,9,10,11,12,13,14,15,16,17,18","19,20,21",P11_GRID,p11_cvw0_k0_c0.07_tp11_cosine,P11_V2_GRID,0.7,0.3838787093731517,-1,15m,34,10,4.40764060928452,0.012963648850836822,-0.02179824561403498,0.38235294117647056,24.92033483394543,1.1100352297067169,0.010508089157390764,5.2375000000000025,-2.9653967276646465,1.469213536428171,2,3,True,6,1,2.172761701904199,0.03621269503173665,0.0342312460829996,0.6666666666666666,0.24722222222222257,6.512197098677558,0.040154417710192125
22,"6,7,8,9,10,11,12,13,14,15,16,17,18","19,20,21",DQ2_WINPROB,dq2_winprob_market_only_c0.1,DQ2_WINPROB_RESIDUAL,0.7,0.0749578415441649,-1,5m,54,9,4.889519469116321,0.009054665683548742,0.02011420171867934,0.5185185185185185,8.167551590981303,1.183364037477553,0.01215398962778381,0.7529909054288284,-0.9390448893818132,1.6298398230387736,2,3,True,0,0,0.0,,,,0.0,,
